<?xml version="1.0" encoding="ISO-8859-1"?>
<envelope>
<session-info format="2.0.0" debug="true" />
<object name="Wandbord" ProjektNummer="0815-20" type="AB oder AG" vorgang="angebots oder auftragsnummer" positionsnummer="angebots oder auftragsposition">
<text Sprache="DEU" Langtext1="Langtext1" Langtext2="Langtext2"></text><text Sprache="ENG" Langtext1="Langtext1" Langtext2="Langtext2"></text>
<text Sprache="FRA" Langtext1="Langtext1" Langtext2="Langtext2"></text><text sprache="SPA" Langtext1="Langtext1" Langtext2="Langtext2"></text>
<text sprache="NED" Langtext1="Langtext1" Langtext2="Langtext2"></text><text sprache="ITA" Langtext1="Langtext1" Langtext2="Langtext2"></text>
<Arbeitsgang Pos="030" Arbg="5410" Te="1.00" Tr="8.00"></Arbeitsgang>
<position level="1" name="Verstellschiene 750/60/25kpl" Artikelnummer="0163432" Zeichnungsnummer="91228407" Menge="2" Gewicht="1.08">
<Material Gewicht="1.08"></Material>
</position>
<position level="1" name="Konsole Edelst 414/103/42" Artikelnummer="0163466" Zeichnungsnummer="91227617" Menge="1" Gewicht="0.60">
<Material Gewicht="0.60"></Material>
</position>
<position level="1" name="Konsole Edelst 414/103/42" Artikelnummer="0163468" Zeichnungsnummer="91225965" Menge="1" Gewicht="0.60">
<Material Gewicht="0.60"></Material>
</position>
<position level="1" name="Rohr Qudrat Edelst 25/1/800" Artikelnummer="Artikelnummer in P4" Zeichnungsnummer="050120800025" Menge="5" Gewicht="0.71"><Arbeitsgang Pos="010" Arbg="12" Te="0.85" Tr="25.00"></Arbeitsgang><Arbeitsgang Pos="020" Arbg="13" Te="0.50" Tr="5.00"></Arbeitsgang><Arbeitsgang Pos="030" Arbg="5410" Te="1.00" Tr="8.00"></Arbeitsgang>
<Material Gewicht="0.71"><position level="2" name="Material-ERP" MaterialERP="272012525256000" Menge="800" MengenEinheit="mm"></position>
</Material>
<position level="2" name="Kartonage" Artikelnummer="" Zeichnungsnummer="050120800025" Menge="5" Gewicht="0.00">
<Material Gewicht="0.00"><position level="3" name="Material-ERP" MaterialERP="" Menge="800" MengenEinheit="mm">
</position>
</Material>
</position>
</position>
<position level="1" name="Konsole Edelst 414/103/42" Artikelnummer="0163466" Zeichnungsnummer="91227617" Menge="1" Gewicht="0.60">
<Material Gewicht="0.60"></Material>
</position>
<position level="1" name="Konsole Edelst 414/103/42" Artikelnummer="0163468" Zeichnungsnummer="91225965" Menge="1" Gewicht="0.60">
<Material Gewicht="0.60"></Material>
</position>
<position level="1" name="Rohr Qudrat Edelst 25/1/800" Artikelnummer="Artikelnummer in P4" Zeichnungsnummer="050120800025" Menge="5" Gewicht="0.71">
<Arbeitsgang Pos="010" Arbg="12" Te="0.85" Tr="25.00"></Arbeitsgang>
<Arbeitsgang Pos="020" Arbg="13" Te="0.50" Tr="5.00"></Arbeitsgang>
<Arbeitsgang Pos="030" Arbg="5410" Te="1.00" Tr="8.00"></Arbeitsgang>
<Material Gewicht="0.71">
<position level="2" name="Material-ERP" MaterialERP="272012525256000" Menge="800" MengenEinheit="mm"></position>
</Material>
<position level="2" name="Kartonage" Artikelnummer="" Zeichnungsnummer="050120800025" Menge="5" Gewicht="0.00">
<Material Gewicht="0.00">
<position level="3" name="Material-ERP" MaterialERP="" Menge="800" MengenEinheit="mm">
</position>
</Material>
</position>
</position>
</object>
</envelope>
