<?xml version="1.0" encoding="UTF-8"?>
<envelope>
<session-info format="2.0.0" debug="true"  p4server="P4" p4aunr="1377804" p4aupos="101" p4typ="AU" />
<object name="Anlage" ProjektNummer="-" type="AB oder AG" vorgang="angebots oder auftragsnummer" kd-pos="4-5" positionsnummer="" Zeichnungsnummer="1377804-00210" Gewicht="88.47" preisvk="4275.53" preishk="1509.01" stlvar="-1" aplvar="0" FrePosTV="nein" FrePosAV="nein"><text sprache="DEU" Artikelbezeichnung1="Arbeitsschrankanlage" Artikelbezeichnung2="Abmessungen: 1246 x 700 x 900 mm" Artikelbezeichnung3="" Artikelbezeichnung4="" Positionstext=""></text><text sprache="ENG" Artikelbezeichnung1="Artikeltext ENG 1" Artikelbezeichnung2="Artikeltext - ENG2" Positionstext=""></text><text sprache="FRA" Artikelbezeichnung="Schrankanlage - FRA" Positionstext=""></text><text sprache="ITA" Artikelbezeichnung="Schrankanlage - ITA" Positionstext=""></text><text sprache="NED" Artikelbezeichnung="Schrankanlage - NED" Positionstext=""></text><text sprache="SPA" Artikelbezeichnung="Schrankanlage - SPA" Positionstext=""></text><rtf sprache="DEU"><![CDATA[{\rtf1\ansi\ansicpg1252\uc0\deff0{\fonttbl{\f0\fswiss\fcharset0\fprq2 Arial;}}{\colortbl;\red0\green0\blue0;\red255\green255\blue255;}\deftab1134\plain\f0\fs20 \pard\li850 Bestehend aus: \par Tischplatte \par Abm.: 1246x700x50 mm \par Kastenaufkantung dreiseitig \par  \par Unterbauschrank H1 , Flügeltüren \par Abm: 844x625x650 mm \par  \par Unterbauschrank HS, Schubladenblock mit 3 Auszügen \par Abm: 402x625x650 mm \par  \par Aufstellung:  \par Sockelfußgestell, 200 mm hoch \par  mit Sockelblende vorne. \par  \par  \par  \par }]]></rtf><rtf sprache="ENG"><![CDATA[{\rtf1\ansi\ansicpg1252\uc0\deff0{\fonttbl{\f0\fswiss\fcharset0\fprq2 Arial;}}{\colortbl;\red0\green0\blue0;\red255\green255\blue255;}\deftab1134\plain\f0\fs20 \pard\li850 Artikelbeschreibung Englisch \par }]]></rtf><rtf sprache="FRA"><![CDATA[{\rtf1\ansi\ansicpg1252\uc0\deff0{\fonttbl{\f0\fswiss\fcharset0\fprq2 Arial;}}{\colortbl;\red0\green0\blue0;\red255\green255\blue255;}\deftab1134\plain\f0\fs20 \pard\li850  \par }]]></rtf><rtf sprache="ITA"><![CDATA[{\rtf1\ansi\ansicpg1252\uc0\deff0{\fonttbl{\f0\fswiss\fcharset0\fprq2 Arial;}}{\colortbl;\red0\green0\blue0;\red255\green255\blue255;}\deftab1134\plain\f0\fs20 \pard\li850  \par }]]></rtf><rtf sprache="NED"><![CDATA[{\rtf1\ansi\ansicpg1252\uc0\deff0{\fonttbl{\f0\fswiss\fcharset0\fprq2 Arial;}}{\colortbl;\red0\green0\blue0;\red255\green255\blue255;}\deftab1134\plain\f0\fs20 \pard\li850  \par }]]></rtf><rtf sprache="SPA"><![CDATA[{\rtf1\ansi\ansicpg1252\uc0\deff0{\fonttbl{\f0\fswiss\fcharset0\fprq2 Arial;}}{\colortbl;\red0\green0\blue0;\red255\green255\blue255;}\deftab1134\plain\f0\fs20 \pard\li850  \par }]]></rtf><zeile name="Anlagenzeile" Zeilennummer="01"><position level="1" name="Dienstleistung Konstruktion" Artikelnummer="KONSTRUKTION-RUETH" Zeichnungsnummer="" Menge="1" Gewicht="0.00" preisvk="0.00" preishk="0.00" UnterpositionsNr="0001" stlvar="0" aplvar="0" FreUntPosTV="nein" FreUntPosAV="nein" kd-pos="" positionsnummer=""></position>
<position level="1" name="US-Schrank H1 Z-Boden Fl-Tür li/re" Artikelnummer="91211826" Zeichnungsnummer="1377804-002100101" Menge="1" Gewicht="33.64" preisvk="1521.54" preishk="537.02" UnterpositionsNr="0101" stlvar="-1" aplvar="1" FreUntPosTV="nein" FreUntPosAV="nein" kd-pos="" positionsnummer=""><text sprache="DEU" Artikelbezeichnung1="US-Schrank H1 Z-Boden Fl-Tür li/re" Artikelbezeichnung2="" Artikelbezeichnung3="" Artikelbezeichnung4="" Positionstext=""></text><text sprache="ENG" Artikelbezeichnung1="Schrank - ENG1" Artikelbezeichnung2="Schrank - ENG2" Artikelbezeichnung3="Schrank - ENG3" Artikelbezeichnung4="Schrank - ENG4" Positionstext=""></text><text sprache="FRA" Artikelbezeichnung1="Schrank - FRA1" Artikelbezeichnung2="Schrank - FRA2" Artikelbezeichnung3="Schrank - FRA3" Artikelbezeichnung4="Schrank - FRA4" Positionstext=""></text><text sprache="ITA" Artikelbezeichnung1="Schrank - ITA1" Artikelbezeichnung2="Schrank - ITA2" Artikelbezeichnung3="Schrank - ITA3" Artikelbezeichnung4="Schrank - ITA4" Positionstext=""></text><text sprache="NED" Artikelbezeichnung1="Schrank - NED1" Artikelbezeichnung2="Schrank - NED2" Artikelbezeichnung3="Schrank - NED3" Artikelbezeichnung4="Schrank - NED4" Positionstext=""></text><text sprache="SPA" Artikelbezeichnung1="Schrank - SPA1" Artikelbezeichnung2="Schrank - SPA2" Artikelbezeichnung3="Schrank - SPA3" Artikelbezeichnung4="Schrank - SPA4" Positionstext=""></text><rtf sprache="DEU"><![CDATA[{\rtf1\ansi\ansicpg1252\uc0\deff0{\fonttbl{\f0\fswiss\fcharset0\fprq2 Arial;}}{\colortbl;\red0\green0\blue0;\red255\green255\blue255;}\deftab1134\plain\f0\fs20 \pard\li850  \par }]]></rtf><rtf sprache="ENG"><![CDATA[{\rtf1\ansi\ansicpg1252\uc0\deff0{\fonttbl{\f0\fswiss\fcharset0\fprq2 Arial;}}{\colortbl;\red0\green0\blue0;\red255\green255\blue255;}\deftab1134\plain\f0\fs20 \pard\li850  \par }]]></rtf><rtf sprache="FRA"><![CDATA[{\rtf1\ansi\ansicpg1252\uc0\deff0{\fonttbl{\f0\fswiss\fcharset0\fprq2 Arial;}}{\colortbl;\red0\green0\blue0;\red255\green255\blue255;}\deftab1134\plain\f0\fs20 \pard\li850  \par }]]></rtf><rtf sprache="ITA"><![CDATA[{\rtf1\ansi\ansicpg1252\uc0\deff0{\fonttbl{\f0\fswiss\fcharset0\fprq2 Arial;}}{\colortbl;\red0\green0\blue0;\red255\green255\blue255;}\deftab1134\plain\f0\fs20 \pard\li850  \par }]]></rtf><rtf sprache="NED"><![CDATA[{\rtf1\ansi\ansicpg1252\uc0\deff0{\fonttbl{\f0\fswiss\fcharset0\fprq2 Arial;}}{\colortbl;\red0\green0\blue0;\red255\green255\blue255;}\deftab1134\plain\f0\fs20 \pard\li850  \par }]]></rtf><rtf sprache="SPA"><![CDATA[{\rtf1\ansi\ansicpg1252\uc0\deff0{\fonttbl{\f0\fswiss\fcharset0\fprq2 Arial;}}{\colortbl;\red0\green0\blue0;\red255\green255\blue255;}\deftab1134\plain\f0\fs20 \pard\li850  \par }]]></rtf><Arbeitsgang Pos="010" Arbg="6" Te="0.00" Tr="0.00"></Arbeitsgang><Arbeitsgang Pos="020" Arbg="195" Te="37.00" Tr="50.00"></Arbeitsgang><Arbeitsgang Pos="030" Arbg="850" Te="207.00" Tr="35.00"></Arbeitsgang><Arbeitsgang Pos="040" Arbg="310" Te="0.00" Tr="0.00"></Arbeitsgang>
<typenschild etikettenformat="" file-icon-entsorgung="" file-logo-hersteller="" file-icon-schutz-iso="" file-icon-gs="" file-icon-ce="" file-icon-ul="" file-icon-nsf="" label-bezeichnung="" eigengewicht="34 kg" frequenz="" leistung="" spannung="" stromstaerke="" nutzlast="Test" schutzart="" kaelteleistung="" kaeltemittel="" menge-kaeltemittel="" induktionsfrequenz=""></typenschild>
<position level="2" name="Innenmantel H1" Artikelnummer="91216212" Zeichnungsnummer="012404308426250650" Menge="1" Gewicht="9.91" preisvk="0.00" stlvar="-1" aplvar="0"><Arbeitsgang Pos="010" Arbg="117" Te="1.78" Tr="0.30"></Arbeitsgang><Arbeitsgang Pos="020" Arbg="70" Te="4.40" Tr="5.00"></Arbeitsgang>
<Material Gewicht="9.91"><position level="3" name="Material-ERP" MaterialERP="1290100" Menge="9.91" MengenEinheit="kg"></position>
</Material>
</position>
<position level="2" name="Seitenteil rechts" Artikelnummer="91217121" Zeichnungsnummer="011402020016250650" Menge="1" Gewicht="3.61" preisvk="0.00" stlvar="-1" aplvar="0"><Arbeitsgang Pos="010" Arbg="117" Te="1.11" Tr="0.30"></Arbeitsgang><Arbeitsgang Pos="020" Arbg="70" Te="2.00" Tr="5.00"></Arbeitsgang>
<Material Gewicht="3.61"><position level="3" name="Material-ERP" MaterialERP="1290100" Menge="3.61" MengenEinheit="kg"></position>
</Material>
</position>
<position level="2" name="Seitenteil links" Artikelnummer="91217116" Zeichnungsnummer="011401020016250650" Menge="1" Gewicht="3.61" preisvk="0.00" stlvar="-1" aplvar="0"><Arbeitsgang Pos="010" Arbg="117" Te="1.11" Tr="0.30"></Arbeitsgang><Arbeitsgang Pos="020" Arbg="70" Te="2.00" Tr="5.00"></Arbeitsgang>
<Material Gewicht="3.61"><position level="3" name="Material-ERP" MaterialERP="1290100" Menge="3.61" MengenEinheit="kg"></position>
</Material>
</position>
<position level="2" name="Verstärkungsprofil H1/H2" Artikelnummer="91216209" Zeichnungsnummer="010114000000000629" Menge="4" Gewicht="0.27" preisvk="0.00" stlvar="-1" aplvar="0"><Arbeitsgang Pos="010" Arbg="117" Te="0.68" Tr="0.30"></Arbeitsgang><Arbeitsgang Pos="020" Arbg="70" Te="0.96" Tr="5.00"></Arbeitsgang>
<Material Gewicht="0.27"><position level="3" name="Material-ERP" MaterialERP="1210080" Menge="0.27" MengenEinheit="kg"></position>
</Material>
</position>
<position level="2" name="Traverse H1/H2 vorne US" Artikelnummer="91216210" Zeichnungsnummer="010117208440000000" Menge="3" Gewicht="1.29" preisvk="0.00" stlvar="-1" aplvar="0"><Arbeitsgang Pos="010" Arbg="117" Te="0.94" Tr="0.30"></Arbeitsgang><Arbeitsgang Pos="020" Arbg="70" Te="2.40" Tr="5.00"></Arbeitsgang>
<Material Gewicht="1.29"><position level="3" name="Material-ERP" MaterialERP="1210080" Menge="1.29" MengenEinheit="kg"></position>
</Material>
</position>
<position level="2" name="Flügeltür li kpl US m.Griffleiste" Artikelnummer="91208920" Zeichnungsnummer="000220503980000595" Menge="1" Gewicht="4.35" preisvk="0.00" stlvar="-1" aplvar="0"><position level="3" name="Fluegeltuer aussen links" Artikelnummer="91215858" Zeichnungsnummer="001221503980000595" Menge="1" Gewicht="2.06" preisvk="0.00" stlvar="-1" aplvar="0"><Arbeitsgang Pos="010" Arbg="117" Te="0.98" Tr="0.30"></Arbeitsgang><Arbeitsgang Pos="020" Arbg="151" Te="1.70" Tr="1.00"></Arbeitsgang><Arbeitsgang Pos="030" Arbg="70" Te="3.84" Tr="5.00"></Arbeitsgang>
<Material Gewicht="2.06"><position level="4" name="Material-ERP" MaterialERP="1290080" Menge="2.06" MengenEinheit="kg"></position>
</Material>
</position>
<position level="3" name="Fluegeltuer innen links" Artikelnummer="91215865" Zeichnungsnummer="001222503980000595" Menge="1" Gewicht="2.08" preisvk="0.00" stlvar="-1" aplvar="0"><Arbeitsgang Pos="010" Arbg="117" Te="0.98" Tr="0.30"></Arbeitsgang><Arbeitsgang Pos="020" Arbg="151" Te="1.77" Tr="1.00"></Arbeitsgang><Arbeitsgang Pos="030" Arbg="70" Te="4.16" Tr="5.00"></Arbeitsgang>
<Material Gewicht="2.08"><position level="4" name="Material-ERP" MaterialERP="2210080" Menge="2.08" MengenEinheit="kg"></position>
</Material>
</position>
<position level="3" name="Tuerisolierung" Artikelnummer="91209194" Zeichnungsnummer="002423003980000595" Menge="1" Gewicht="0.09" preisvk="0.00" stlvar="-1" aplvar="0"><Arbeitsgang Pos="010" Arbg="862" Te="2.40" Tr="2.00"></Arbeitsgang>
<Material Gewicht="0.09"><position level="4" name="Material-ERP" MaterialERP="4002912" Menge="0.09" MengenEinheit="qm"></position>
</Material>
</position>
<position level="3" name="Scharnier oben kpl" Artikelnummer="91210444" Zeichnungsnummer="91210444" Menge="1" Gewicht="0.03" preisvk="0.00" stlvar="0" aplvar="0"><Material Gewicht="0.03"></Material>
</position>
<position level="3" name="Scharnier unten kpl" Artikelnummer="91210445" Zeichnungsnummer="91210445" Menge="1" Gewicht="0.03" preisvk="0.00" stlvar="0" aplvar="0"><Material Gewicht="0.03"></Material>
</position>
<position level="3" name="Scharnieraufnahme komplett" Artikelnummer="91211346" Zeichnungsnummer="91211346" Menge="2" Gewicht="0.05" preisvk="0.00" stlvar="0" aplvar="0"><Material Gewicht="0.05"></Material>
</position>
<position level="3" name="Scheibe DIN125 PA6 B10,5" Artikelnummer="012500810B00" Zeichnungsnummer="012500810B00" Menge="1" Gewicht="0.01" preisvk="0.00" stlvar="0" aplvar="0"><Material Gewicht="0.01"></Material>
</position>
</position>
<position level="2" name="Flügeltür re kpl US m.Griffleiste" Artikelnummer="91208915" Zeichnungsnummer="000320503980000595" Menge="1" Gewicht="4.35" preisvk="1521.54" stlvar="-1" aplvar="1"><position level="3" name="Fluegeltuer aussen rechts" Artikelnummer="91208916" Zeichnungsnummer="001321503980000595" Menge="1" Gewicht="2.06" preisvk="0.00" stlvar="-1" aplvar="0"><Arbeitsgang Pos="010" Arbg="117" Te="0.98" Tr="0.30"></Arbeitsgang><Arbeitsgang Pos="020" Arbg="151" Te="1.70" Tr="1.00"></Arbeitsgang><Arbeitsgang Pos="030" Arbg="70" Te="3.84" Tr="5.00"></Arbeitsgang>
<Material Gewicht="2.06"><position level="4" name="Material-ERP" MaterialERP="1290080" Menge="2.06" MengenEinheit="kg"></position>
</Material>
</position>
<position level="3" name="Fluegeltuer innen rechts" Artikelnummer="91208917" Zeichnungsnummer="001322503980000595" Menge="1" Gewicht="2.08" preisvk="0.00" stlvar="-1" aplvar="0"><Arbeitsgang Pos="010" Arbg="117" Te="0.98" Tr="0.30"></Arbeitsgang><Arbeitsgang Pos="020" Arbg="151" Te="1.77" Tr="1.00"></Arbeitsgang><Arbeitsgang Pos="030" Arbg="70" Te="4.16" Tr="5.00"></Arbeitsgang>
<Material Gewicht="2.08"><position level="4" name="Material-ERP" MaterialERP="2210080" Menge="2.08" MengenEinheit="kg"></position>
</Material>
</position>
<position level="3" name="Tuerisolierung" Artikelnummer="91209194" Zeichnungsnummer="002423003980000595" Menge="1" Gewicht="0.09" preisvk="0.00" stlvar="-1" aplvar="0"><Arbeitsgang Pos="010" Arbg="862" Te="2.40" Tr="2.00"></Arbeitsgang>
<Material Gewicht="0.09"><position level="4" name="Material-ERP" MaterialERP="4002912" Menge="0.09" MengenEinheit="qm"></position>
</Material>
</position>
<position level="3" name="Scharnier oben kpl" Artikelnummer="91210444" Zeichnungsnummer="91210444" Menge="1" Gewicht="0.03" preisvk="0.00" stlvar="0" aplvar="0"><Material Gewicht="0.03"></Material>
</position>
<position level="3" name="Scharnier unten kpl" Artikelnummer="91210445" Zeichnungsnummer="91210445" Menge="1" Gewicht="0.03" preisvk="0.00" stlvar="0" aplvar="0"><Material Gewicht="0.03"></Material>
</position>
<position level="3" name="Scharnieraufnahme komplett" Artikelnummer="91211346" Zeichnungsnummer="91211346" Menge="2" Gewicht="0.05" preisvk="0.00" stlvar="0" aplvar="0"><Material Gewicht="0.05"></Material>
</position>
<position level="3" name="Scheibe DIN125 PA6 B10,5" Artikelnummer="012500810B00" Zeichnungsnummer="012500810B00" Menge="1" Gewicht="0.01" preisvk="0.00" stlvar="0" aplvar="0"><Material Gewicht="0.01"></Material>
</position>
</position>
<position level="2" name="Querzarge kompl." Artikelnummer="91211849" Zeichnungsnummer="001429507800020050" Menge="1" Gewicht="0.93" preisvk="0.00" stlvar="-1" aplvar="0"><position level="3" name="Querzarge Fl" Artikelnummer="91207556" Zeichnungsnummer="001430007800500050" Menge="1" Gewicht="0.90" preisvk="0.00" stlvar="-1" aplvar="0"><Arbeitsgang Pos="010" Arbg="117" Te="0.88" Tr="0.30"></Arbeitsgang><Arbeitsgang Pos="020" Arbg="70" Te="3.60" Tr="5.00"></Arbeitsgang>
<Material Gewicht="0.90"><position level="4" name="Material-ERP" MaterialERP="1290080" Menge="0.90" MengenEinheit="kg"></position>
</Material>
</position>
<position level="3" name="Magnethalter komplett" Artikelnummer="91214028" Zeichnungsnummer="91214028" Menge="2" Gewicht="0.03" preisvk="0.00" stlvar="0" aplvar="0"><Material Gewicht="0.03"></Material>
</position>
</position>
<position level="2" name="Fachboden H1 offen/Flügeltür kpl" Artikelnummer="91218068" Zeichnungsnummer="011139208446250000" Menge="1" Gewicht="5.23" preisvk="0.00" stlvar="-1" aplvar="0"><position level="3" name="Fachboden H1/H2 offen/Flügeltür" Artikelnummer="91218164" Zeichnungsnummer="011142008446250000" Menge="1" Gewicht="5.23" preisvk="0.00" stlvar="-1" aplvar="0"><Arbeitsgang Pos="010" Arbg="117" Te="1.45" Tr="0.30"></Arbeitsgang><Arbeitsgang Pos="020" Arbg="75" Te="3.20" Tr="1.00"></Arbeitsgang>
<Material Gewicht="5.23"><position level="4" name="Material-ERP" MaterialERP="1290080" Menge="5.23" MengenEinheit="kg"></position>
</Material>
</position>
</position>
<position level="2" name="Fachträger AT Hyg" Artikelnummer="3308080000" Zeichnungsnummer="3308080000" Menge="4" Gewicht="0.02" preisvk="0.00" stlvar="0" aplvar="0"><Material Gewicht="0.02"></Material>
</position>
<position level="2" name="Schraube DIN 85 Flachk A2 M6/12" Artikelnummer="91015226" Zeichnungsnummer="91015226" Menge="8" Gewicht="0.01" preisvk="0.00" stlvar="0" aplvar="0"><Material Gewicht="0.01"></Material>
</position>
<position level="2" name="Blindnietmutter M6 sechsk" Artikelnummer="91004592" Zeichnungsnummer="91004592" Menge="12" Gewicht="0.00" preisvk="0.00" stlvar="0" aplvar="0"><Material Gewicht="0.00"></Material>
</position>
<position level="2" name="Zwischenblende H1/H2 30/115/24 kpl" Artikelnummer="91220675" Zeichnungsnummer="91220675" Menge="2" Gewicht="0.06" preisvk="0.00" stlvar="0" aplvar="0"><Material Gewicht="0.06"></Material>
</position>
</position>
<position level="1" name="US-Schrank HS Schubl. offen" Artikelnummer="91211826" Zeichnungsnummer="1377804-002100102" Menge="1" Gewicht="28.05" preisvk="1673.35" preishk="590.59" UnterpositionsNr="0102" stlvar="-1" aplvar="0" FreUntPosTV="nein" FreUntPosAV="nein" kd-pos="" positionsnummer=""><text sprache="DEU" Artikelbezeichnung1="US-Schrank HS Schubl. offen" Artikelbezeichnung2="" Artikelbezeichnung3="" Artikelbezeichnung4="" Positionstext=""></text><text sprache="ENG" Artikelbezeichnung1="Schrank - ENG1" Artikelbezeichnung2="Schrank - ENG2" Artikelbezeichnung3="Schrank - ENG3" Artikelbezeichnung4="Schrank - ENG4" Positionstext=""></text><text sprache="FRA" Artikelbezeichnung1="Schrank - FRA1" Artikelbezeichnung2="Schrank - FRA2" Artikelbezeichnung3="Schrank - FRA3" Artikelbezeichnung4="Schrank - FRA4" Positionstext=""></text><text sprache="ITA" Artikelbezeichnung1="Schrank - ITA1" Artikelbezeichnung2="Schrank - ITA2" Artikelbezeichnung3="Schrank - ITA3" Artikelbezeichnung4="Schrank - ITA4" Positionstext=""></text><text sprache="NED" Artikelbezeichnung1="Schrank - NED1" Artikelbezeichnung2="Schrank - NED2" Artikelbezeichnung3="Schrank - NED3" Artikelbezeichnung4="Schrank - NED4" Positionstext=""></text><text sprache="SPA" Artikelbezeichnung1="Schrank - SPA1" Artikelbezeichnung2="Schrank - SPA2" Artikelbezeichnung3="Schrank - SPA3" Artikelbezeichnung4="Schrank - SPA4" Positionstext=""></text><rtf sprache="DEU"><![CDATA[{\rtf1\ansi\ansicpg1252\uc0\deff0{\fonttbl{\f0\fswiss\fcharset0\fprq2 Arial;}}{\colortbl;\red0\green0\blue0;\red255\green255\blue255;}\deftab1134\plain\f0\fs20 \pard\li850  \par }]]></rtf><rtf sprache="ENG"><![CDATA[{\rtf1\ansi\ansicpg1252\uc0\deff0{\fonttbl{\f0\fswiss\fcharset0\fprq2 Arial;}}{\colortbl;\red0\green0\blue0;\red255\green255\blue255;}\deftab1134\plain\f0\fs20 \pard\li850  \par }]]></rtf><rtf sprache="FRA"><![CDATA[{\rtf1\ansi\ansicpg1252\uc0\deff0{\fonttbl{\f0\fswiss\fcharset0\fprq2 Arial;}}{\colortbl;\red0\green0\blue0;\red255\green255\blue255;}\deftab1134\plain\f0\fs20 \pard\li850  \par }]]></rtf><rtf sprache="ITA"><![CDATA[{\rtf1\ansi\ansicpg1252\uc0\deff0{\fonttbl{\f0\fswiss\fcharset0\fprq2 Arial;}}{\colortbl;\red0\green0\blue0;\red255\green255\blue255;}\deftab1134\plain\f0\fs20 \pard\li850  \par }]]></rtf><rtf sprache="NED"><![CDATA[{\rtf1\ansi\ansicpg1252\uc0\deff0{\fonttbl{\f0\fswiss\fcharset0\fprq2 Arial;}}{\colortbl;\red0\green0\blue0;\red255\green255\blue255;}\deftab1134\plain\f0\fs20 \pard\li850  \par }]]></rtf><rtf sprache="SPA"><![CDATA[{\rtf1\ansi\ansicpg1252\uc0\deff0{\fonttbl{\f0\fswiss\fcharset0\fprq2 Arial;}}{\colortbl;\red0\green0\blue0;\red255\green255\blue255;}\deftab1134\plain\f0\fs20 \pard\li850  \par }]]></rtf><Arbeitsgang Pos="010" Arbg="6" Te="0.00" Tr="0.00"></Arbeitsgang><Arbeitsgang Pos="020" Arbg="850" Te="228.00" Tr="65.00"></Arbeitsgang><Arbeitsgang Pos="030" Arbg="310" Te="0.00" Tr="0.00"></Arbeitsgang>
<typenschild etikettenformat="" file-icon-entsorgung="" file-logo-hersteller="" file-icon-schutz-iso="" file-icon-gs="" file-icon-ce="" file-icon-ul="" file-icon-nsf="" label-bezeichnung="" eigengewicht="28 kg" frequenz="" leistung="" spannung="" stromstaerke="" nutzlast="Test" schutzart="" kaelteleistung="" kaeltemittel="" menge-kaeltemittel="" induktionsfrequenz=""></typenschild>
<position level="2" name="Boden Hs" Artikelnummer="91207234" Zeichnungsnummer="002105304026250605" Menge="1" Gewicht="1.91" preisvk="0.00" stlvar="-1" aplvar="0"><Arbeitsgang Pos="010" Arbg="117" Te="0.99" Tr="0.30"></Arbeitsgang><Arbeitsgang Pos="020" Arbg="75" Te="1.60" Tr="1.00"></Arbeitsgang><Arbeitsgang Pos="030" Arbg="70" Te="0.32" Tr="5.00"></Arbeitsgang>
<Material Gewicht="1.91"><position level="3" name="Material-ERP" MaterialERP="1290080" Menge="1.91" MengenEinheit="kg"></position>
</Material>
</position>
<position level="2" name="Rückwand HS" Artikelnummer="91207228" Zeichnungsnummer="000106004020000650" Menge="1" Gewicht="1.64" preisvk="0.00" stlvar="-1" aplvar="0"><Arbeitsgang Pos="010" Arbg="117" Te="0.91" Tr="0.30"></Arbeitsgang><Arbeitsgang Pos="020" Arbg="75" Te="1.60" Tr="1.00"></Arbeitsgang>
<Material Gewicht="1.64"><position level="3" name="Material-ERP" MaterialERP="1290080" Menge="1.64" MengenEinheit="kg"></position>
</Material>
</position>
<position level="2" name="Seitenwand links HS" Artikelnummer="91207226" Zeichnungsnummer="002101622106250650" Menge="1" Gewicht="3.62" preisvk="0.00" stlvar="-1" aplvar="0"><Arbeitsgang Pos="010" Arbg="117" Te="1.23" Tr="0.30"></Arbeitsgang><Arbeitsgang Pos="020" Arbg="75" Te="2.40" Tr="1.00"></Arbeitsgang>
<Material Gewicht="3.62"><position level="3" name="Material-ERP" MaterialERP="1290080" Menge="3.62" MengenEinheit="kg"></position>
</Material>
</position>
<position level="2" name="Seitenwand rechts HS" Artikelnummer="91207506" Zeichnungsnummer="002102622106250650" Menge="1" Gewicht="3.62" preisvk="0.00" stlvar="-1" aplvar="0"><Arbeitsgang Pos="010" Arbg="117" Te="1.23" Tr="0.30"></Arbeitsgang><Arbeitsgang Pos="020" Arbg="75" Te="2.40" Tr="1.00"></Arbeitsgang>
<Material Gewicht="3.62"><position level="3" name="Material-ERP" MaterialERP="1290080" Menge="3.62" MengenEinheit="kg"></position>
</Material>
</position>
<position level="2" name="Unterzug vorne HS" Artikelnummer="91207230" Zeichnungsnummer="000111004020000000" Menge="1" Gewicht="0.48" preisvk="0.00" stlvar="-1" aplvar="0"><Arbeitsgang Pos="010" Arbg="117" Te="0.58" Tr="0.30"></Arbeitsgang><Arbeitsgang Pos="020" Arbg="70" Te="1.92" Tr="5.00"></Arbeitsgang>
<Material Gewicht="0.48"><position level="3" name="Material-ERP" MaterialERP="1210080" Menge="0.48" MengenEinheit="kg"></position>
</Material>
</position>
<position level="2" name="Unterzug hinten HS" Artikelnummer="91207322" Zeichnungsnummer="000112004020000000" Menge="1" Gewicht="0.74" preisvk="0.00" stlvar="-1" aplvar="0"><Arbeitsgang Pos="010" Arbg="117" Te="0.65" Tr="0.30"></Arbeitsgang><Arbeitsgang Pos="020" Arbg="70" Te="1.92" Tr="5.00"></Arbeitsgang>
<Material Gewicht="0.74"><position level="3" name="Material-ERP" MaterialERP="1210080" Menge="0.74" MengenEinheit="kg"></position>
</Material>
</position>
<position level="2" name="Querzarge kompl." Artikelnummer="91211849" Zeichnungsnummer="002129003381020035" Menge="1" Gewicht="0.38" preisvk="0.00" stlvar="-1" aplvar="0"><position level="3" name="Querzarge Fl" Artikelnummer="91207556" Zeichnungsnummer="002130103380500035" Menge="1" Gewicht="0.38" preisvk="0.00" stlvar="-1" aplvar="0"><Arbeitsgang Pos="010" Arbg="117" Te="0.55" Tr="0.30"></Arbeitsgang><Arbeitsgang Pos="020" Arbg="70" Te="2.88" Tr="5.00"></Arbeitsgang>
<Material Gewicht="0.38"><position level="4" name="Material-ERP" MaterialERP="1290080" Menge="0.38" MengenEinheit="kg"></position>
</Material>
</position>
</position>
<position level="2" name="Kastenschublade_Vollauszug GN-1/1_längsx100" Artikelnummer="91207905" Zeichnungsnummer="002470203585802146" Menge="2" Gewicht="28.05" preisvk="0.00" stlvar="-1" aplvar="0"><position level="3" name="Blende au Griff" Artikelnummer="91207906" Zeichnungsnummer="002071203585800146" Menge="1" Gewicht="0.59" preisvk="0.00" stlvar="-1" aplvar="0"><Arbeitsgang Pos="010" Arbg="117" Te="0.62" Tr="0.30"></Arbeitsgang><Arbeitsgang Pos="020" Arbg="120" Te="0.39" Tr="2.50"></Arbeitsgang><Arbeitsgang Pos="030" Arbg="70" Te="3.84" Tr="5.00"></Arbeitsgang>
<Material Gewicht="0.59"><position level="4" name="Material-ERP" MaterialERP="1290080" Menge="0.59" MengenEinheit="kg"></position>
</Material>
</position>
<position level="3" name="Blende in Griff" Artikelnummer="91207907" Zeichnungsnummer="002172203585800146" Menge="1" Gewicht="0.60" preisvk="0.00" stlvar="-1" aplvar="0"><Arbeitsgang Pos="010" Arbg="117" Te="0.62" Tr="0.30"></Arbeitsgang><Arbeitsgang Pos="020" Arbg="151" Te="0.58" Tr="1.00"></Arbeitsgang><Arbeitsgang Pos="030" Arbg="70" Te="4.16" Tr="5.00"></Arbeitsgang>
<Material Gewicht="0.60"><position level="4" name="Material-ERP" MaterialERP="1290080" Menge="0.60" MengenEinheit="kg"></position>
</Material>
</position>
<position level="3" name="Schubladenisolierung" Artikelnummer="91207908" Zeichnungsnummer="000075003580000146" Menge="1" Gewicht="0.01" preisvk="0.00" stlvar="-1" aplvar="0"><Arbeitsgang Pos="010" Arbg="862" Te="2.40" Tr="2.00"></Arbeitsgang>
<Material Gewicht="0.01"><position level="4" name="Material-ERP" MaterialERP="4002912" Menge="0.01" MengenEinheit="kg"></position>
</Material>
</position>
<position level="3" name="Schuladenkasten" Artikelnummer="91354359" Zeichnungsnummer="002077103585800146" Menge="1" Gewicht="2.15" preisvk="0.00" stlvar="-1" aplvar="0"><Arbeitsgang Pos="010" Arbg="117" Te="0.98" Tr="0.30"></Arbeitsgang><Arbeitsgang Pos="020" Arbg="120" Te="1.61" Tr="2.50"></Arbeitsgang><Arbeitsgang Pos="030" Arbg="70" Te="4.40" Tr="5.00"></Arbeitsgang>
<Material Gewicht="2.15"><position level="4" name="Material-ERP" MaterialERP="1210080" Menge="2.15" MengenEinheit="kg"></position>
</Material>
</position>
<position level="3" name="Kastenrückwand Edelst" Artikelnummer="91338245" Zeichnungsnummer="002084000306120100" Menge="1" Gewicht="0.27" preisvk="0.00" stlvar="-1" aplvar="0"><Arbeitsgang Pos="010" Arbg="117" Te="0.49" Tr="0.30"></Arbeitsgang><Arbeitsgang Pos="020" Arbg="128" Te="0.23" Tr="2.50"></Arbeitsgang><Arbeitsgang Pos="030" Arbg="69" Te="1.28" Tr="5.00"></Arbeitsgang>
<Material Gewicht="0.27"><position level="4" name="Material-ERP" MaterialERP="1210080" Menge="0.27" MengenEinheit="kg"></position>
</Material>
</position>
<position level="3" name="Kastenblende" Artikelnummer="91216432" Zeichnungsnummer="002082103580000000" Menge="1" Gewicht="0.24" preisvk="0.00" stlvar="-1" aplvar="0"><Arbeitsgang Pos="010" Arbg="117" Te="0.51" Tr="0.30"></Arbeitsgang><Arbeitsgang Pos="020" Arbg="128" Te="0.24" Tr="2.50"></Arbeitsgang><Arbeitsgang Pos="030" Arbg="69" Te="0.32" Tr="5.00"></Arbeitsgang>
<Material Gewicht="0.24"><position level="4" name="Material-ERP" MaterialERP="1210080" Menge="0.24" MengenEinheit="kg"></position>
</Material>
</position>
<position level="3" name="Teleskopauszug voll GN1/1 längs" Artikelnummer="91215003" Zeichnungsnummer="91215003" Menge="1" Gewicht="2.69" preisvk="0.00" stlvar="0" aplvar="0"><Material Gewicht="2.69"></Material>
</position>
<position level="3" name="Verstärkungsprofil kpl GN1/1 längs" Artikelnummer="91325257" Zeichnungsnummer="91325257" Menge="2" Gewicht="0.16" preisvk="0.00" stlvar="0" aplvar="0"><Material Gewicht="0.16"></Material>
</position>
<position level="3" name="Schloß GDZn 22 Schl. 28/35 re kpl Schub." Artikelnummer="91216975" Zeichnungsnummer="91216975" Menge="1" Gewicht="0.10" preisvk="0.00" stlvar="0" aplvar="0"><Material Gewicht="0.10"></Material>
</position>
</position>

<position level="2" name="Kastenschublade_Vollauszug GN-1/1_längsx200" Artikelnummer="91207905" Zeichnungsnummer="002470203585802296" Menge="1" Gewicht="28.05" preisvk="0.00" stlvar="-1" aplvar="0"><position level="3" name="Blende au Griff" Artikelnummer="91207906" Zeichnungsnummer="002071203585800296" Menge="1" Gewicht="1.01" preisvk="0.00" stlvar="-1" aplvar="0"><Arbeitsgang Pos="010" Arbg="117" Te="0.73" Tr="0.30"></Arbeitsgang><Arbeitsgang Pos="020" Arbg="120" Te="0.39" Tr="2.50"></Arbeitsgang><Arbeitsgang Pos="030" Arbg="70" Te="3.84" Tr="5.00"></Arbeitsgang>
<Material Gewicht="1.01"><position level="4" name="Material-ERP" MaterialERP="1290080" Menge="1.01" MengenEinheit="kg"></position>
</Material>
</position>
<position level="3" name="Blende in Griff" Artikelnummer="91207907" Zeichnungsnummer="002172203585800296" Menge="1" Gewicht="1.03" preisvk="0.00" stlvar="-1" aplvar="0"><Arbeitsgang Pos="010" Arbg="117" Te="0.73" Tr="0.30"></Arbeitsgang><Arbeitsgang Pos="020" Arbg="151" Te="0.85" Tr="1.00"></Arbeitsgang><Arbeitsgang Pos="030" Arbg="70" Te="4.16" Tr="5.00"></Arbeitsgang>
<Material Gewicht="1.03"><position level="4" name="Material-ERP" MaterialERP="1290080" Menge="1.03" MengenEinheit="kg"></position>
</Material>
</position>
<position level="3" name="Schubladenisolierung" Artikelnummer="91207908" Zeichnungsnummer="000075003580000296" Menge="1" Gewicht="0.03" preisvk="0.00" stlvar="-1" aplvar="0"><Arbeitsgang Pos="010" Arbg="862" Te="2.40" Tr="2.00"></Arbeitsgang>
<Material Gewicht="0.03"><position level="4" name="Material-ERP" MaterialERP="4002912" Menge="0.03" MengenEinheit="kg"></position>
</Material>
</position>
<position level="3" name="Schuladenkasten" Artikelnummer="91354359" Zeichnungsnummer="002077103585800296" Menge="1" Gewicht="2.94" preisvk="0.00" stlvar="-1" aplvar="0"><Arbeitsgang Pos="010" Arbg="117" Te="1.13" Tr="0.30"></Arbeitsgang><Arbeitsgang Pos="020" Arbg="120" Te="1.89" Tr="2.50"></Arbeitsgang><Arbeitsgang Pos="030" Arbg="70" Te="4.40" Tr="5.00"></Arbeitsgang>
<Material Gewicht="2.94"><position level="4" name="Material-ERP" MaterialERP="1210080" Menge="2.94" MengenEinheit="kg"></position>
</Material>
</position>
<position level="3" name="Kastenrückwand Edelst" Artikelnummer="91338245" Zeichnungsnummer="002084000306120200" Menge="1" Gewicht="0.50" preisvk="0.00" stlvar="-1" aplvar="0"><Arbeitsgang Pos="010" Arbg="117" Te="0.56" Tr="0.30"></Arbeitsgang><Arbeitsgang Pos="020" Arbg="128" Te="0.23" Tr="2.50"></Arbeitsgang><Arbeitsgang Pos="030" Arbg="69" Te="1.28" Tr="5.00"></Arbeitsgang>
<Material Gewicht="0.50"><position level="4" name="Material-ERP" MaterialERP="1210080" Menge="0.50" MengenEinheit="kg"></position>
</Material>
</position>
<position level="3" name="Kastenblende" Artikelnummer="91216432" Zeichnungsnummer="002082103580000000" Menge="1" Gewicht="0.24" preisvk="0.00" stlvar="-1" aplvar="0"><Arbeitsgang Pos="010" Arbg="117" Te="0.51" Tr="0.30"></Arbeitsgang><Arbeitsgang Pos="020" Arbg="128" Te="0.24" Tr="2.50"></Arbeitsgang><Arbeitsgang Pos="030" Arbg="69" Te="0.32" Tr="5.00"></Arbeitsgang>
<Material Gewicht="0.24"><position level="4" name="Material-ERP" MaterialERP="1210080" Menge="0.24" MengenEinheit="kg"></position>
</Material>
</position>
<position level="3" name="Teleskopauszug voll GN1/1 längs" Artikelnummer="91215003" Zeichnungsnummer="91215003" Menge="1" Gewicht="2.69" preisvk="0.00" stlvar="0" aplvar="0"><Material Gewicht="2.69"></Material>
</position>
<position level="3" name="Verstärkungsprofil kpl GN1/1 längs" Artikelnummer="91325257" Zeichnungsnummer="91325257" Menge="2" Gewicht="0.16" preisvk="0.00" stlvar="0" aplvar="0"><Material Gewicht="0.16"></Material>
</position>
<position level="3" name="Schloß GDZn 22 Schl. 28/35 re kpl Schub." Artikelnummer="91216975" Zeichnungsnummer="91216975" Menge="1" Gewicht="0.10" preisvk="0.00" stlvar="0" aplvar="0"><Material Gewicht="0.10"></Material>
</position>
</position>

<position level="2" name="Schließblech" Artikelnummer="91215484" Zeichnungsnummer="002083003580000000" Menge="2" Gewicht="0.15" preisvk="0.00" stlvar="-1" aplvar="0"><Arbeitsgang Pos="010" Arbg="117" Te="0.43" Tr="0.30"></Arbeitsgang><Arbeitsgang Pos="020" Arbg="128" Te="0.54" Tr="2.50"></Arbeitsgang><Arbeitsgang Pos="030" Arbg="70" Te="0.32" Tr="5.00"></Arbeitsgang>
<Material Gewicht="0.15"><position level="3" name="Material-ERP" MaterialERP="1210200" Menge="0.15" MengenEinheit="kg"></position>
</Material>
</position>
</position>
<position level="1" name="Tischplatte kpl  1246x700" Artikelnummer="91314542" Zeichnungsnummer="1377804-002100151" Menge="1" Gewicht="26.78" preisvk="718.60" preishk="253.62" UnterpositionsNr="0151" stlvar="-1" aplvar="0" FreUntPosTV="nein" FreUntPosAV="nein" kd-pos="" positionsnummer=""><text sprache="DEU" Artikelbezeichnung1="Tischplatte kpl  1246x700" Artikelbezeichnung2="" Artikelbezeichnung3="" Artikelbezeichnung4="" Positionstext=""></text><text sprache="ENG" Artikelbezeichnung1="Tischplatte - ENG1" Artikelbezeichnung2="Tischplatte - ENG2" Artikelbezeichnung3="" Artikelbezeichnung4="" Positionstext=""></text><text sprache="FRA" Artikelbezeichnung1="Tischplatte - FRA1" Artikelbezeichnung2="Tischplatte - FRA2" Artikelbezeichnung3="" Artikelbezeichnung4="" Positionstext=""></text><text sprache="ITA" Artikelbezeichnung1="Tischplatte - ITA1" Artikelbezeichnung2="Tischplatte - ITA2" Artikelbezeichnung3="" Artikelbezeichnung4="" Positionstext=""></text><text sprache="NED" Artikelbezeichnung1="Tischplatte - NED1" Artikelbezeichnung2="Tischplatte - NED2" Artikelbezeichnung3="" Artikelbezeichnung4="" Positionstext=""></text><text sprache="SPA" Artikelbezeichnung1="Tischplatte - SPA1" Artikelbezeichnung2="Tischplatte - SPA2" Artikelbezeichnung3="" Artikelbezeichnung4="" Positionstext=""></text><rtf sprache="DEU"><![CDATA[{\rtf1\ansi\ansicpg1252\uc0\deff0{\fonttbl{\f0\fswiss\fcharset0\fprq2 Arial;}}{\colortbl;\red0\green0\blue0;\red255\green255\blue255;}\deftab1134\plain\f0\fs20 \pard\li850  \par }]]></rtf><rtf sprache="ENG"><![CDATA[{\rtf1\ansi\ansicpg1252\uc0\deff0{\fonttbl{\f0\fswiss\fcharset0\fprq2 Arial;}}{\colortbl;\red0\green0\blue0;\red255\green255\blue255;}\deftab1134\plain\f0\fs20 \pard\li850  \par }]]></rtf><rtf sprache="FRA"><![CDATA[{\rtf1\ansi\ansicpg1252\uc0\deff0{\fonttbl{\f0\fswiss\fcharset0\fprq2 Arial;}}{\colortbl;\red0\green0\blue0;\red255\green255\blue255;}\deftab1134\plain\f0\fs20 \pard\li850  \par }]]></rtf><rtf sprache="ITA"><![CDATA[{\rtf1\ansi\ansicpg1252\uc0\deff0{\fonttbl{\f0\fswiss\fcharset0\fprq2 Arial;}}{\colortbl;\red0\green0\blue0;\red255\green255\blue255;}\deftab1134\plain\f0\fs20 \pard\li850  \par }]]></rtf><rtf sprache="NED"><![CDATA[{\rtf1\ansi\ansicpg1252\uc0\deff0{\fonttbl{\f0\fswiss\fcharset0\fprq2 Arial;}}{\colortbl;\red0\green0\blue0;\red255\green255\blue255;}\deftab1134\plain\f0\fs20 \pard\li850  \par }]]></rtf><rtf sprache="SPA"><![CDATA[{\rtf1\ansi\ansicpg1252\uc0\deff0{\fonttbl{\f0\fswiss\fcharset0\fprq2 Arial;}}{\colortbl;\red0\green0\blue0;\red255\green255\blue255;}\deftab1134\plain\f0\fs20 \pard\li850  \par }]]></rtf><Arbeitsgang Pos="010" Arbg="850" Te="43.33" Tr="19.99"></Arbeitsgang><Arbeitsgang Pos="020" Arbg="310" Te="0.00" Tr="0.00"></Arbeitsgang>
<position level="2" name="Tischplatte" Artikelnummer="25003895" Zeichnungsnummer="13778040021001511" Menge="1" Gewicht="20.59" preisvk="0.00" stlvar="-1" aplvar="0"><Arbeitsgang Pos="030" Arbg="180" Te="25.00" Tr="3.33"></Arbeitsgang>
<Arbeitsgang Pos="010" Arbg="112" Te="3.78" Tr="0.30"></Arbeitsgang><Arbeitsgang Pos="020" Arbg="70" Te="3.60" Tr="5.00"></Arbeitsgang>
<Material Gewicht="20.59"><position level="3" name="Material-ERP" MaterialERP="1290200" Menge="20.59" MengenEinheit="kg"></position>
</Material>
</position>
<position level="2" name="Traverse vorne" Artikelnummer="25003900" Zeichnungsnummer="13778040021001513" Menge="1" Gewicht="2.03" preisvk="0.00" stlvar="-1" aplvar="0"><Arbeitsgang Pos="010" Arbg="112" Te="2.84" Tr="0.30"></Arbeitsgang><Arbeitsgang Pos="020" Arbg="70" Te="2.40" Tr="5.00"></Arbeitsgang>
<Material Gewicht="2.03"><position level="3" name="Material-ERP" MaterialERP="1210100" Menge="2.03" MengenEinheit="kg"></position>
</Material>
</position>
<position level="2" name="Traverse hinten" Artikelnummer="25003900" Zeichnungsnummer="13778040021001515" Menge="1" Gewicht="2.03" preisvk="0.00" stlvar="-1" aplvar="0"><Arbeitsgang Pos="010" Arbg="112" Te="2.84" Tr="0.30"></Arbeitsgang><Arbeitsgang Pos="020" Arbg="70" Te="2.40" Tr="5.00"></Arbeitsgang>
<Material Gewicht="2.03"><position level="3" name="Material-ERP" MaterialERP="1210100" Menge="2.03" MengenEinheit="kg"></position>
</Material>
</position>
<position level="2" name="Traverse Quer" Artikelnummer="25003896" Zeichnungsnummer="030710800502046046" Menge="1" Gewicht="0.81" preisvk="0.00" stlvar="-1" aplvar="0"><Arbeitsgang Pos="010" Arbg="112" Te="1.99" Tr="0.30"></Arbeitsgang><Arbeitsgang Pos="020" Arbg="70" Te="1.60" Tr="5.00"></Arbeitsgang>
<Material Gewicht="0.81"><position level="3" name="Material-ERP" MaterialERP="1210100" Menge="0.81" MengenEinheit="kg"></position>
</Material>
</position>
<position level="2" name="Traverse Quer" Artikelnummer="25003896" Zeichnungsnummer="030710800502046012" Menge="1" Gewicht="0.66" preisvk="0.00" stlvar="-1" aplvar="0"><Arbeitsgang Pos="010" Arbg="112" Te="1.95" Tr="0.30"></Arbeitsgang><Arbeitsgang Pos="020" Arbg="70" Te="1.60" Tr="5.00"></Arbeitsgang>
<Material Gewicht="0.66"><position level="3" name="Material-ERP" MaterialERP="1210100" Menge="0.66" MengenEinheit="kg"></position>
</Material>
</position>
<position level="2" name="Traverse Quer" Artikelnummer="25003896" Zeichnungsnummer="030710800502012046" Menge="1" Gewicht="0.66" preisvk="0.00" stlvar="-1" aplvar="0"><Arbeitsgang Pos="010" Arbg="112" Te="1.95" Tr="0.30"></Arbeitsgang><Arbeitsgang Pos="020" Arbg="70" Te="1.60" Tr="5.00"></Arbeitsgang>
<Material Gewicht="0.66"><position level="3" name="Material-ERP" MaterialERP="1210100" Menge="0.66" MengenEinheit="kg"></position>
</Material>
</position>
</position>
<position level="1" name="Sockelzeile  1246/570/200" Artikelnummer="91314543" Zeichnungsnummer="1377804-002100181" Menge="1" Gewicht="6.78" preisvk="362.02" preishk="127.77" UnterpositionsNr="0181" stlvar="-1" aplvar="0" FreUntPosTV="nein" FreUntPosAV="nein" kd-pos="" positionsnummer=""><text sprache="DEU" Artikelbezeichnung1="Sockelzeile  1246/570/200" Artikelbezeichnung2="" Artikelbezeichnung3="" Artikelbezeichnung4="" Positionstext=""></text><text sprache="ENG" Artikelbezeichnung1="Fußgestell - ENG1" Artikelbezeichnung2="FußGestell - ENG2" Artikelbezeichnung3="" Artikelbezeichnung4="" Positionstext=""></text><text sprache="FRA" Artikelbezeichnung1="Fußgestell - FRA1" Artikelbezeichnung2="Fußgestell - FRA2" Artikelbezeichnung3="" Artikelbezeichnung4="" Positionstext=""></text><text sprache="ITA" Artikelbezeichnung1="Fußgestell - ITA1" Artikelbezeichnung2="Fußgestell - ITA2" Artikelbezeichnung3="" Artikelbezeichnung4="" Positionstext=""></text><text sprache="NED" Artikelbezeichnung1="Fußgestell - NED1" Artikelbezeichnung2="Fußgestell - NED2" Artikelbezeichnung3="" Artikelbezeichnung4="" Positionstext=""></text><text sprache="SPA" Artikelbezeichnung1="Fußgestell - SPA1" Artikelbezeichnung2="Fußgestell - SPA2" Artikelbezeichnung3="" Artikelbezeichnung4="" Positionstext=""></text><rtf sprache="DEU"><![CDATA[{\rtf1\ansi\ansicpg1252\uc0\deff0{\fonttbl{\f0\fswiss\fcharset0\fprq2 Arial;}}{\colortbl;\red0\green0\blue0;\red255\green255\blue255;}\deftab1134\plain\f0\fs20 \pard\li850  \par }]]></rtf><rtf sprache="ENG"><![CDATA[{\rtf1\ansi\ansicpg1252\uc0\deff0{\fonttbl{\f0\fswiss\fcharset0\fprq2 Arial;}}{\colortbl;\red0\green0\blue0;\red255\green255\blue255;}\deftab1134\plain\f0\fs20 \pard\li850  \par }]]></rtf><rtf sprache="FRA"><![CDATA[{\rtf1\ansi\ansicpg1252\uc0\deff0{\fonttbl{\f0\fswiss\fcharset0\fprq2 Arial;}}{\colortbl;\red0\green0\blue0;\red255\green255\blue255;}\deftab1134\plain\f0\fs20 \pard\li850  \par }]]></rtf><rtf sprache="ITA"><![CDATA[{\rtf1\ansi\ansicpg1252\uc0\deff0{\fonttbl{\f0\fswiss\fcharset0\fprq2 Arial;}}{\colortbl;\red0\green0\blue0;\red255\green255\blue255;}\deftab1134\plain\f0\fs20 \pard\li850  \par }]]></rtf><rtf sprache="NED"><![CDATA[{\rtf1\ansi\ansicpg1252\uc0\deff0{\fonttbl{\f0\fswiss\fcharset0\fprq2 Arial;}}{\colortbl;\red0\green0\blue0;\red255\green255\blue255;}\deftab1134\plain\f0\fs20 \pard\li850  \par }]]></rtf><rtf sprache="SPA"><![CDATA[{\rtf1\ansi\ansicpg1252\uc0\deff0{\fonttbl{\f0\fswiss\fcharset0\fprq2 Arial;}}{\colortbl;\red0\green0\blue0;\red255\green255\blue255;}\deftab1134\plain\f0\fs20 \pard\li850  \par }]]></rtf><Arbeitsgang Pos="010" Arbg="310" Te="0.00" Tr="0.00"></Arbeitsgang>
<position level="2" name="1 Sockelrahmen1246/570/200" Artikelnummer="25003908" Zeichnungsnummer="137780400210018110" Menge="1" Gewicht="3.72" preisvk="0.00" stlvar="-1" aplvar="0"><Arbeitsgang Pos="010" Arbg="180" Te="49.98" Tr="6.67"></Arbeitsgang>
<position level="3" name="Verstellfuß PA6 40/40/74 gr kpl" Artikelnummer="91291552" Zeichnungsnummer="91291552" Menge="4" Gewicht="0.04" preisvk="0.00" stlvar="0" aplvar="0"><Material Gewicht="0.04"></Material>
</position>
<position level="3" name="Steher Rohr40x40 L=170" Artikelnummer="25003907" Zeichnungsnummer="041500000000400170" Menge="4" Gewicht="0.25" preisvk="0.00" stlvar="-1" aplvar="0"><Arbeitsgang Pos="010" Arbg="10" Te="1.00" Tr="5.00"></Arbeitsgang><Arbeitsgang Pos="020" Arbg="310" Te="0.00" Tr="0.00"></Arbeitsgang>
<Material Gewicht="0.25"><position level="4" name="Material-ERP" MaterialERP="272012040406000" Menge="0.17" MengenEinheit="m"></position>
</Material>
</position>
<position level="3" name="Querrohr 40x40 L=490" Artikelnummer="25003907" Zeichnungsnummer="041500000000400490" Menge="2" Gewicht="0.72" preisvk="0.00" stlvar="-1" aplvar="0"><Arbeitsgang Pos="010" Arbg="10" Te="1.00" Tr="5.00"></Arbeitsgang><Arbeitsgang Pos="020" Arbg="310" Te="0.00" Tr="0.00"></Arbeitsgang>
<Material Gewicht="0.72"><position level="4" name="Material-ERP" MaterialERP="272012040406000" Menge="0.49" MengenEinheit="m"></position>
</Material>
</position>


<position level="3" name="Laengsrohr 40x40 L=1166" Artikelnummer="25003907" Zeichnungsnummer="041500000000401166" Menge="2" Gewicht="1.70" preisvk="0.00" stlvar="-1" aplvar="0"><Arbeitsgang Pos="010" Arbg="10" Te="1.10" Tr="5.00"></Arbeitsgang><Arbeitsgang Pos="020" Arbg="310" Te="0.00" Tr="0.00"></Arbeitsgang>
<Material Gewicht="1.70"><position level="4" name="Material-ERP" MaterialERP="272012040406000" Menge="1.17" MengenEinheit="m"></position>
</Material>
</position>

</position>
<position level="2" name="1 Sockelblende Ges 1246x197" Artikelnummer="25003905" Zeichnungsnummer="137780400210018101" Menge="1" Gewicht="3.06" preisvk="0.00" stlvar="-1" aplvar="0"><Arbeitsgang Pos="010" Arbg="310" Te="0.00" Tr="0.00"></Arbeitsgang>
<position level="3" name="Sockelblende kpl 1246x197" Artikelnummer="25003904" Zeichnungsnummer="137780400210018111" Menge="1" Gewicht="3.06" preisvk="0.00" stlvar="-1" aplvar="0"><Arbeitsgang Pos="010" Arbg="310" Te="0.00" Tr="0.00"></Arbeitsgang>
<position level="4" name="Sockelblende 1246x197" Artikelnummer="25003903" Zeichnungsnummer="137780400210018151" Menge="1" Gewicht="2.72" preisvk="0.00" stlvar="-1" aplvar="0"><Arbeitsgang Pos="010" Arbg="112" Te="2.95" Tr="0.30"></Arbeitsgang><Arbeitsgang Pos="020" Arbg="70" Te="2.80" Tr="5.00"></Arbeitsgang>
<Material Gewicht="2.72"><position level="5" name="Material-ERP" MaterialERP="1290100" Menge="2.72" MengenEinheit="kg"></position>
</Material>
</position>
</position>
</position>
</position>
</zeile>
</object>
</envelope>