<?xml version="1.0" encoding="ISO-8859-1"?>
<envelope>
<session-info format="2.0.0" debug="true"  p4server="P4TEST" p4aunr="373770" p4aupos="1" p4typ="AG" />
<object name="ETW" ProjektNummer="-" type="AB oder AG" vorgang="angebots oder auftragsnummer" positionsnummer="angebots oder auftragsposition" Zeichnungsnummer="373770-00010" Gewicht="104.00" fertiglaenge="1185.00" fertigbreite="751.00" fertighoehe="1471.00" preisvk="4815.32" preishk="1741.43" stlvar="-1" aplvar="0"><text sprache="DEU" Artikelbezeichnung1="STWS-US-2T " Artikelbezeichnung2="Sterilguttransportwagen Edelstahl" Artikelbezeichnung3="" Artikelbezeichnung4="" Positionstext=""></text><text sprache="ENG" Artikelbezeichnung1="STWS-US-2T " Artikelbezeichnung2="Transport Trolley s/s for Sterile Items" Artikelbezeichnung3="" Artikelbezeichnung4="" Positionstext=""></text><text sprache="US" Artikelbezeichnung1="STWS-US-2T " Artikelbezeichnung2="Transport Cart s/s for Sterile Items" Artikelbezeichnung3="" Artikelbezeichnung4="" Positionstext=""></text><text sprache="FRA" Artikelbezeichnung1="STWS-US-2T " Artikelbezeichnung2="Sterilguttransportwagen Edelstahl" Artikelbezeichnung3="" Artikelbezeichnung4="" Positionstext=""></text><text sprache="ITA" Artikelbezeichnung1="STWS-US-2T " Artikelbezeichnung2="Sterilguttransportwagen Edelstahl" Artikelbezeichnung3="" Artikelbezeichnung4="" Positionstext=""></text><text sprache="NED" Artikelbezeichnung1="STWS-US-2T " Artikelbezeichnung2="Sterilguttransportwagen Edelstahl" Artikelbezeichnung3="" Artikelbezeichnung4="" Positionstext=""></text><text sprache="SPA" Artikelbezeichnung1="STWS-US-2T " Artikelbezeichnung2="Sterilguttransportwagen Edelstahl" Artikelbezeichnung3="" Artikelbezeichnung4="" Positionstext=""></text><rtf sprache="DEU"><![CDATA[{\rtf1\ansi\ansicpg1252\uc0\deff0{\fonttbl{\f0\fswiss\fcharset0\fprq2 Arial;}}{\colortbl;\red0\green0\blue0;\red255\green255\blue255;}\deftab1134\plain\f0\fs20 \pard\li850 Ausführung: \tab \tab \tab \tab \tab \tab hohe Version, 2-türig \par Aussenabmessungen BxTxH: \tab \tab ca. 1185 x 751 x 1471 mm \par Innenabmessungen BxTxH: \tab \tab ca. 945 x 650 x 1126 mm \par Verstellraster der Schlitzschienen: \tab 61,5 mm \par  \par ausgestattet mit: \par 2 Lenkrollen mit Feststeller, 2 Bockrollen,  verzinkt, ø160 mm \par 1 x Norm5 Drahtrostauflage \par }]]></rtf><rtf sprache="ENG"><![CDATA[{\rtf1\ansi\ansicpg1252\uc0\deff0{\fonttbl{\f0\fswiss\fcharset0\fprq2 Arial;}}{\colortbl;\red0\green0\blue0;\red255\green255\blue255;}\deftab1134\plain\f0\fs20 \pard\li850 Model: \tab \tab \tab \tab \tab \tab \tab tall version, 2 doors \par External dimensions WxDxH: \tab \tab ca. 1185 x 751 x 1471 mm \par Internal dimensions WxDxH: \tab \tab ca. 945 x 650 x 1126 mm \par Slotted rail adjustment factor: \tab \tab 61,5 mm \par  \par Equipped with: \par 2 steering castors with locks, 2 fixed castors, housing: galvanised-chromated, ø160 mm \par 1 x Norm5 wire shelf \par }]]></rtf><rtf sprache="US"><![CDATA[{\rtf1\ansi\ansicpg1252\uc0\deff0{\fonttbl{\f0\fswiss\fcharset0\fprq2 Arial;}}{\colortbl;\red0\green0\blue0;\red255\green255\blue255;}\deftab1134\plain\f0\fs20 \pard\li850 Model: \tab \tab \tab \tab \tab \tab \tab tall version, 2 doors \par External dimensions WxDxH: \tab \tab ca. 1185 x 751 x 1471 mm (46.7" x 29.6" x 57.9") \par Internal dimensions WxDxH: \tab \tab ca. 945 x 650 x 1126 mm (37.2" x 25.6" x 44.3") \par Slotted rail for shelf adjustment positions every ca. 61,5 mm (2.4") \par  \par Equipped with: \par 2 steering castors with locks, 2 fixed castors, chromed-galvanised, ø160 mm diameter \par 1 x Norm5 wire shelf \par }]]></rtf><rtf sprache="FRA"><![CDATA[{\rtf1\ansi\ansicpg1252\uc0\deff0{\fonttbl{\f0\fswiss\fcharset0\fprq2 Arial;}}{\colortbl;\red0\green0\blue0;\red255\green255\blue255;}\deftab1134\plain\f0\fs20 \pard\li850 Model: \tab \tab \tab \tab \tab \tab \tab tall version, 2 doors \par External dimensions WxDxH: \tab \tab ca. 1185 x 751 x 1471 mm \par Internal dimensions WxDxH: \tab \tab ca. 945 x 650 x 1126 mm \par Slotted rail adjustment factor: \tab \tab 61,5 mm \par  \par Equipped with: \par 2 steering castors with locks, 2 fixed castors, housing: galvanised-chromated, ø160 mm \par 1 x Norm5 wire shelf \par }]]></rtf><rtf sprache="ITA"><![CDATA[{\rtf1\ansi\ansicpg1252\uc0\deff0{\fonttbl{\f0\fswiss\fcharset0\fprq2 Arial;}}{\colortbl;\red0\green0\blue0;\red255\green255\blue255;}\deftab1134\plain\f0\fs20 \pard\li850 Model: \tab \tab \tab \tab \tab \tab \tab tall version, 2 doors \par External dimensions WxDxH: \tab \tab ca. 1185 x 751 x 1471 mm \par Internal dimensions WxDxH: \tab \tab ca. 945 x 650 x 1126 mm \par Slotted rail adjustment factor: \tab \tab 61,5 mm \par  \par Equipped with: \par 2 steering castors with locks, 2 fixed castors, housing: galvanised-chromated, ø160 mm \par 1 x Norm5 wire shelf \par }]]></rtf><rtf sprache="NED"><![CDATA[{\rtf1\ansi\ansicpg1252\uc0\deff0{\fonttbl{\f0\fswiss\fcharset0\fprq2 Arial;}}{\colortbl;\red0\green0\blue0;\red255\green255\blue255;}\deftab1134\plain\f0\fs20 \pard\li850 Model: \tab \tab \tab \tab \tab \tab \tab tall version, 2 doors \par External dimensions WxDxH: \tab \tab ca. 1185 x 751 x 1471 mm \par Internal dimensions WxDxH: \tab \tab ca. 945 x 650 x 1126 mm \par Slotted rail adjustment factor: \tab \tab 61,5 mm \par  \par Equipped with: \par 2 steering castors with locks, 2 fixed castors, housing: galvanised-chromated, ø160 mm \par 1 x Norm5 wire shelf \par }]]></rtf><rtf sprache="SPA"><![CDATA[{\rtf1\ansi\ansicpg1252\uc0\deff0{\fonttbl{\f0\fswiss\fcharset0\fprq2 Arial;}}{\colortbl;\red0\green0\blue0;\red255\green255\blue255;}\deftab1134\plain\f0\fs20 \pard\li850 Model: \tab \tab \tab \tab \tab \tab \tab tall version, 2 doors \par External dimensions WxDxH: \tab \tab ca. 1185 x 751 x 1471 mm \par Internal dimensions WxDxH: \tab \tab ca. 945 x 650 x 1126 mm \par Slotted rail adjustment factor: \tab \tab 61,5 mm \par  \par Equipped with: \par 2 steering castors with locks, 2 fixed castors, housing: galvanised-chromated, ø160 mm \par 1 x Norm5 wire shelf \par }]]></rtf><Arbeitsgang Pos="010" Arbg="6" Te="0.00" Tr="0.00"></Arbeitsgang><Arbeitsgang Pos="030" Arbg="301" Te="0.00" Tr="0.00"></Arbeitsgang>
<Arbeitsgang Pos="020" Arbg="188" Te="273.00" Tr="125.00"></Arbeitsgang>
<typenschild etikettenformat="91174021" file-icon-entsorgung="" file-logo-hersteller="" file-icon-schutz-iso="" file-icon-gs="" file-icon-ce="" file-icon-ul="" file-icon-nsf="" label-bezeichnung="STWS-US-2T " eigengewicht="104 kg / 229 lbs" frequenz="" leistung="" spannung="" stromstaerke="" nutzlast="120 kg / 265 lbs" schutzart="" kaelteleistung="" kaeltemittel="" menge-kaeltemittel="" induktionsfrequenz=""></typenschild>
<position level="1" name="Chassis 1024/650/61 kpl" Artikelnummer="91277679" Zeichnungsnummer="0080001000004" Menge="1" Gewicht="15.05" preisvk="0.00" stlvar="-1" aplvar="0"><Arbeitsgang Pos="030" Arbg="128" Te="3.28" Tr="5.00"></Arbeitsgang><Arbeitsgang Pos="040" Arbg="310" Te="0.00" Tr="0.00"></Arbeitsgang><Arbeitsgang Pos="020" Arbg="311" Te="0.00" Tr="0.00"></Arbeitsgang>
<Arbeitsgang Pos="010" Arbg="5246" Te="12.60" Tr="100.00"></Arbeitsgang>
<position level="2" name="Chassis 1023/649/60 kpl" Artikelnummer="91277672" Zeichnungsnummer="0080002000003" Menge="1" Gewicht="10.54" preisvk="0.00" stlvar="-1" aplvar="0"><position level="3" name="Längstraverse Edelst 1020/82/60" Artikelnummer="91277638" Zeichnungsnummer="0080003000002" Menge="2" Gewicht="2.60" preisvk="0.00" stlvar="-1" aplvar="0"><Arbeitsgang Pos="010" Arbg="112" Te="3.00" Tr="3.80"></Arbeitsgang><Arbeitsgang Pos="020" Arbg="128" Te="1.09" Tr="5.00"></Arbeitsgang><Arbeitsgang Pos="030" Arbg="69" Te="1.60" Tr="10.00"></Arbeitsgang><Arbeitsgang Pos="040" Arbg="310" Te="0.00" Tr="0.00"></Arbeitsgang>
<Material Gewicht="2.60"><position level="4" name="Material-ERP" MaterialERP="1210125" Menge="2.88" MengenEinheit="kg"></position>
</Material>
</position>
<position level="3" name="Traverse Edelst 643/164/58" Artikelnummer="91277652" Zeichnungsnummer="0080004000001" Menge="2" Gewicht="1.92" preisvk="0.00" stlvar="-1" aplvar="0"><Arbeitsgang Pos="010" Arbg="112" Te="1.60" Tr="3.80"></Arbeitsgang><Arbeitsgang Pos="020" Arbg="128" Te="0.69" Tr="5.00"></Arbeitsgang><Arbeitsgang Pos="030" Arbg="69" Te="1.60" Tr="10.00"></Arbeitsgang><Arbeitsgang Pos="040" Arbg="310" Te="0.00" Tr="0.00"></Arbeitsgang>
<Material Gewicht="1.92"><position level="4" name="Material-ERP" MaterialERP="1210125" Menge="2.13" MengenEinheit="kg"></position>
</Material>
</position>
<position level="3" name="Traverse Edelst 641/132/58" Artikelnummer="91277667" Zeichnungsnummer="0080005000001" Menge="1" Gewicht="1.50" preisvk="0.00" stlvar="-1" aplvar="0"><Arbeitsgang Pos="010" Arbg="112" Te="1.40" Tr="3.80"></Arbeitsgang><Arbeitsgang Pos="020" Arbg="128" Te="0.68" Tr="5.00"></Arbeitsgang><Arbeitsgang Pos="030" Arbg="69" Te="1.60" Tr="10.00"></Arbeitsgang><Arbeitsgang Pos="040" Arbg="310" Te="0.00" Tr="0.00"></Arbeitsgang>
<Material Gewicht="1.50"><position level="4" name="Material-ERP" MaterialERP="1210125" Menge="1.66" MengenEinheit="kg"></position>
</Material>
</position>
</position>
<position level="2" name="Bodenblech Edelst 1024/650/58" Artikelnummer="91277669" Zeichnungsnummer="0080007000001" Menge="1" Gewicht="4.51" preisvk="0.00" stlvar="-1" aplvar="0"><Arbeitsgang Pos="010" Arbg="112" Te="1.21" Tr="3.80"></Arbeitsgang><Arbeitsgang Pos="020" Arbg="128" Te="3.28" Tr="5.00"></Arbeitsgang><Arbeitsgang Pos="030" Arbg="70" Te="0.40" Tr="10.00"></Arbeitsgang><Arbeitsgang Pos="040" Arbg="310" Te="0.00" Tr="0.00"></Arbeitsgang>
<Material Gewicht="4.51"><position level="3" name="Material-ERP" MaterialERP="1210080" Menge="5.01" MengenEinheit="kg"></position>
</Material>
</position>
</position>
<position level="1" name="Stoßl mZub sw kpl" Artikelnummer="91277710" Zeichnungsnummer="0080008000001" Menge="1" Gewicht="6.80" preisvk="0.00" stlvar="-1" aplvar="0"><position level="2" name="Stoßl PP 1185/50/28 vo sw" Artikelnummer="91277685" Zeichnungsnummer="0080009000001" Menge="1" Gewicht="1.78" preisvk="0.00" stlvar="-1" aplvar="0"><Arbeitsgang Pos="010" Arbg="863" Te="2.50" Tr="2.00"></Arbeitsgang><Arbeitsgang Pos="020" Arbg="311" Te="0.00" Tr="0.00"></Arbeitsgang><Arbeitsgang Pos="030" Arbg="100" Te="8.00" Tr="25.00"></Arbeitsgang><Arbeitsgang Pos="040" Arbg="310" Te="0.00" Tr="0.00"></Arbeitsgang>
<Material Gewicht="1.78"><position level="3" name="Material-ERP" MaterialERP="9990322" Menge="0.077" MengenEinheit="qm"></position>
</Material>
</position>
<position level="2" name="Stoßl PP 1185/50/28 hi sw" Artikelnummer="91277687" Zeichnungsnummer="0080010000001" Menge="1" Gewicht="1.78" preisvk="0.00" stlvar="-1" aplvar="0"><Arbeitsgang Pos="010" Arbg="863" Te="2.50" Tr="2.00"></Arbeitsgang><Arbeitsgang Pos="020" Arbg="311" Te="0.00" Tr="0.00"></Arbeitsgang><Arbeitsgang Pos="030" Arbg="100" Te="8.00" Tr="25.00"></Arbeitsgang><Arbeitsgang Pos="040" Arbg="310" Te="0.00" Tr="0.00"></Arbeitsgang>
<Material Gewicht="1.78"><position level="3" name="Material-ERP" MaterialERP="9990322" Menge="0.077" MengenEinheit="qm"></position>
</Material>
</position>
<position level="2" name="Stoßl PP 80/296/28 vo li/re sw" Artikelnummer="91277694" Zeichnungsnummer="0080011000001" Menge="2" Gewicht="0.71" preisvk="0.00" stlvar="-1" aplvar="0"><Arbeitsgang Pos="010" Arbg="863" Te="1.00" Tr="2.00"></Arbeitsgang><Arbeitsgang Pos="020" Arbg="311" Te="0.00" Tr="0.00"></Arbeitsgang><Arbeitsgang Pos="030" Arbg="100" Te="4.00" Tr="25.00"></Arbeitsgang><Arbeitsgang Pos="040" Arbg="310" Te="0.00" Tr="0.00"></Arbeitsgang>
<Material Gewicht="0.71"><position level="3" name="Material-ERP" MaterialERP="9990322" Menge="0.031" MengenEinheit="qm"></position>
</Material>
</position>
<position level="2" name="Stoßl PP 296/80/28 hi li/re sw" Artikelnummer="91277700" Zeichnungsnummer="0080012000001" Menge="2" Gewicht="0.71" preisvk="0.00" stlvar="-1" aplvar="0"><Arbeitsgang Pos="010" Arbg="863" Te="1.00" Tr="2.00"></Arbeitsgang><Arbeitsgang Pos="020" Arbg="311" Te="0.00" Tr="0.00"></Arbeitsgang><Arbeitsgang Pos="030" Arbg="100" Te="4.00" Tr="25.00"></Arbeitsgang><Arbeitsgang Pos="040" Arbg="310" Te="0.00" Tr="0.00"></Arbeitsgang>
<Material Gewicht="0.71"><position level="3" name="Material-ERP" MaterialERP="9990322" Menge="0.031" MengenEinheit="qm"></position>
</Material>
</position>
<position level="2" name="Übersatzstück PA6 74/25/13,5 sw" Artikelnummer="91234464" Zeichnungsnummer="91234464" Menge="4" Gewicht="0.01" preisvk="0.00" stlvar="0" aplvar="0"><Material Gewicht="0.01"></Material>
</position>
<position level="2" name="Spax-Schraube Senkk St-verz ø4,5/20 mK" Artikelnummer="4003214" Zeichnungsnummer="4003214" Menge="8" Gewicht="0.00" preisvk="0.00" stlvar="0" aplvar="0"><Material Gewicht="0.00"></Material>
</position>

<position level="2" name="Türanschlag PE500 ø25/40 sw" Artikelnummer="91028247-1" Zeichnungsnummer="91028247-1" Menge="2" Gewicht="0.01" preisvk="0.00" stlvar="0" aplvar="0"><Material Gewicht="0.01"></Material>
</position>
<position level="2" name="Scheibe DIN 125 A2 B8,4" Artikelnummer="012500408B00" Zeichnungsnummer="" Menge="2" Gewicht="0.01" preisvk="0.00" stlvar="0" aplvar="0"><Material Gewicht="0.01"></Material>
</position>
<position level="2" name="Scheibe DIN 125 A2 B6,4" Artikelnummer="012500406B00" Zeichnungsnummer="" Menge="2" Gewicht="0.01" preisvk="0.00" stlvar="0" aplvar="0"><Material Gewicht="0.01"></Material>
</position>
<position level="2" name="Stopfen Rd PP ø16/11 schwarz" Artikelnummer="4065340" Zeichnungsnummer="4065340" Menge="2" Gewicht="0.00" preisvk="0.00" stlvar="0" aplvar="0"><Material Gewicht="0.00"></Material>
</position>

<position level="2" name="Stopfen Rd PP ø16/11 schwarz" Artikelnummer="4065340" Zeichnungsnummer="4065340" Menge="4" Gewicht="0.00" preisvk="0.00" stlvar="0" aplvar="0"><Material Gewicht="0.00"></Material>
</position>
<position level="2" name="Scheibe DIN 125 A2 B6,4" Artikelnummer="012500406B00" Zeichnungsnummer="" Menge="4" Gewicht="0.01" preisvk="0.00" stlvar="0" aplvar="0"><Material Gewicht="0.01"></Material>
</position>
<position level="2" name="Holzschraube Skt DIN 571 A2 ø6/40" Artikelnummer="057100406040" Zeichnungsnummer="91028006" Menge="34" Gewicht="0.01" preisvk="0.00" stlvar="0" aplvar="0"><Material Gewicht="0.01"></Material>
</position>
</position>
<position level="1" name="Rückwand Edelst" Artikelnummer="91278056" Zeichnungsnummer="0080013000001" Menge="1" Gewicht="10.85" preisvk="0.00" stlvar="-1" aplvar="0"><Arbeitsgang Pos="010" Arbg="117" Te="2.34" Tr="2.80"></Arbeitsgang><Arbeitsgang Pos="020" Arbg="112" Te="1.65" Tr="3.80"></Arbeitsgang><Arbeitsgang Pos="030" Arbg="120" Te="3.42" Tr="5.00"></Arbeitsgang><Arbeitsgang Pos="040" Arbg="75" Te="0.90" Tr="0.00"></Arbeitsgang><Arbeitsgang Pos="050" Arbg="310" Te="0.00" Tr="0.00"></Arbeitsgang>
<Material Gewicht="10.85"><position level="2" name="Material-ERP" MaterialERP="1290100" Menge="12.05" MengenEinheit="kg"></position>
</Material>
</position>
<position level="1" name="Seitenteil m Bolzen M5 re kpl" Artikelnummer="91278130" Zeichnungsnummer="0080014000002" Menge="1" Gewicht="8.69" preisvk="0.00" stlvar="-1" aplvar="0"><Arbeitsgang Pos="020" Arbg="310" Te="0.00" Tr="0.00"></Arbeitsgang>
<Arbeitsgang Pos="010" Arbg="170" Te="8.00" Tr="12.50"></Arbeitsgang>
<position level="2" name="Seitenteil Edelst re" Artikelnummer="91278126" Zeichnungsnummer="0080016000001" Menge="1" Gewicht="7.84" preisvk="0.00" stlvar="-1" aplvar="0"><Arbeitsgang Pos="010" Arbg="117" Te="1.37" Tr="2.80"></Arbeitsgang><Arbeitsgang Pos="030" Arbg="120" Te="2.99" Tr="5.00"></Arbeitsgang><Arbeitsgang Pos="040" Arbg="75" Te="1.35" Tr="0.00"></Arbeitsgang><Arbeitsgang Pos="050" Arbg="310" Te="0.00" Tr="0.00"></Arbeitsgang>
<Material Gewicht="7.84"><position level="3" name="Material-ERP" MaterialERP="1290100" Menge="8.72" MengenEinheit="kg"></position>
</Material>
</position>
<position level="2" name="Winkel Edelst re vo" Artikelnummer="91262030" Zeichnungsnummer="91262030" Menge="1" Gewicht="0.85" preisvk="0.00" stlvar="0" aplvar="0"><Material Gewicht="0.85"></Material>
</position>
<position level="2" name="Schweißbolzen 4301 M5/8 mZ" Artikelnummer="4003008" Zeichnungsnummer="4003008" Menge="4" Gewicht="0.00" preisvk="0.00" stlvar="0" aplvar="0"><Material Gewicht="0.00"></Material>
</position>
<position level="2" name="Scheibe DIN 125 A2 B5,3" Artikelnummer="012500405B00" Zeichnungsnummer="91000401" Menge="4" Gewicht="0.00" preisvk="0.00" stlvar="0" aplvar="0"><Material Gewicht="0.00"></Material>
</position>
<position level="2" name="Hutmutter DIN 1587 A2 M5" Artikelnummer="158700405000" Zeichnungsnummer="91001089" Menge="4" Gewicht="0.00" preisvk="0.00" stlvar="0" aplvar="0"><Material Gewicht="0.00"></Material>
</position>

</position>
<position level="1" name="Seitenteil m Bolzen M5 li kpl" Artikelnummer="91278247" Zeichnungsnummer="0080015000002" Menge="1" Gewicht="8.69" preisvk="0.00" stlvar="-1" aplvar="0"><Arbeitsgang Pos="020" Arbg="310" Te="0.00" Tr="0.00"></Arbeitsgang>
<Arbeitsgang Pos="010" Arbg="170" Te="8.00" Tr="12.50"></Arbeitsgang>
<position level="2" name="Seitenteil Edelst li" Artikelnummer="91278245" Zeichnungsnummer="0080017000001" Menge="1" Gewicht="7.84" preisvk="0.00" stlvar="-1" aplvar="0"><Arbeitsgang Pos="010" Arbg="117" Te="1.37" Tr="2.80"></Arbeitsgang><Arbeitsgang Pos="030" Arbg="120" Te="2.99" Tr="5.00"></Arbeitsgang><Arbeitsgang Pos="040" Arbg="75" Te="1.35" Tr="0.00"></Arbeitsgang><Arbeitsgang Pos="050" Arbg="310" Te="0.00" Tr="0.00"></Arbeitsgang>
<Material Gewicht="7.84"><position level="3" name="Material-ERP" MaterialERP="1290100" Menge="8.72" MengenEinheit="kg"></position>
</Material>
</position>
<position level="2" name="Winkel Edelst li vo" Artikelnummer="91262027" Zeichnungsnummer="91262027" Menge="1" Gewicht="0.85" preisvk="0.00" stlvar="0" aplvar="0"><Material Gewicht="0.85"></Material>
</position>
<position level="2" name="Schweißbolzen 4301 M5/8 mZ" Artikelnummer="4003008" Zeichnungsnummer="4003008" Menge="4" Gewicht="0.00" preisvk="0.00" stlvar="0" aplvar="0"><Material Gewicht="0.00"></Material>
</position>
<position level="2" name="Scheibe DIN 125 A2 B5,3" Artikelnummer="012500405B00" Zeichnungsnummer="91000401" Menge="4" Gewicht="0.00" preisvk="0.00" stlvar="0" aplvar="0"><Material Gewicht="0.00"></Material>
</position>
<position level="2" name="Hutmutter DIN 1587 A2 M5" Artikelnummer="158700405000" Zeichnungsnummer="91001089" Menge="4" Gewicht="0.00" preisvk="0.00" stlvar="0" aplvar="0"><Material Gewicht="0.00"></Material>
</position>

</position>
<position level="1" name="Dachelement Edelst" Artikelnummer="91278251" Zeichnungsnummer="0080018000001" Menge="1" Gewicht="0.96" preisvk="0.00" stlvar="-1" aplvar="0"><Arbeitsgang Pos="010" Arbg="117" Te="0.55" Tr="2.80"></Arbeitsgang><Arbeitsgang Pos="020" Arbg="128" Te="0.52" Tr="5.00"></Arbeitsgang><Arbeitsgang Pos="030" Arbg="150" Te="1.10" Tr="5.00"></Arbeitsgang><Arbeitsgang Pos="040" Arbg="70" Te="2.80" Tr="10.00"></Arbeitsgang><Arbeitsgang Pos="050" Arbg="310" Te="0.00" Tr="0.00"></Arbeitsgang>
<Material Gewicht="0.96"><position level="2" name="Material-ERP" MaterialERP="1290100" Menge="1.07" MengenEinheit="kg"></position>
</Material>
</position>
<position level="1" name="Dach mBolz M8 kpl" Artikelnummer="91278258" Zeichnungsnummer="0080019000001" Menge="1" Gewicht="12.12" preisvk="0.00" stlvar="-1" aplvar="0"><Arbeitsgang Pos="020" Arbg="310" Te="0.00" Tr="0.00"></Arbeitsgang>
<Arbeitsgang Pos="010" Arbg="186" Te="38.40" Tr="25.00"></Arbeitsgang>
<position level="2" name="Dach Edelst 1157/709/45" Artikelnummer="91278256" Zeichnungsnummer="0080020000001" Menge="1" Gewicht="11.92" preisvk="0.00" stlvar="-1" aplvar="1"><Arbeitsgang Pos="010" Arbg="117" Te="2.50" Tr="2.80"></Arbeitsgang><Arbeitsgang Pos="020" Arbg="70" Te="11.20" Tr="10.00"></Arbeitsgang><Arbeitsgang Pos="030" Arbg="72" Te="11.20" Tr="10.00"></Arbeitsgang><Arbeitsgang Pos="040" Arbg="310" Te="0.00" Tr="0.00"></Arbeitsgang>
<Material Gewicht="11.92"><position level="3" name="Material-ERP" MaterialERP="1290100" Menge="13.25" MengenEinheit="kg"></position>
</Material>
</position>
<position level="2" name="Transportsich. Tür 108/55/11kpl" Artikelnummer="91075167" Zeichnungsnummer="91075167" Menge="1" Gewicht="0.20" preisvk="0.00" stlvar="0" aplvar="0"><Material Gewicht="0.20"></Material>
</position>
<position level="2" name="Schweißbolzen 4301 M8/25 oZ gekuppt" Artikelnummer="4003060" Zeichnungsnummer="4003060" Menge="4" Gewicht="0.00" preisvk="0.00" stlvar="0" aplvar="0"><Material Gewicht="0.00"></Material>
</position>
</position>

<position level="1" name="Tür re mD Schaum kpl" Artikelnummer="91278332" Zeichnungsnummer="0080025000003" Menge="1" Gewicht="8.60" preisvk="0.00" stlvar="-1" aplvar="0"><Arbeitsgang Pos="040" Arbg="310" Te="0.00" Tr="0.00"></Arbeitsgang>
<Arbeitsgang Pos="010" Arbg="180" Te="50.00" Tr="25.00"></Arbeitsgang><Arbeitsgang Pos="020" Arbg="866" Te="40.00" Tr="100.00"></Arbeitsgang><Arbeitsgang Pos="030" Arbg="181" Te="21.85" Tr="25.00"></Arbeitsgang>
<position level="2" name="Tür re au kpl" Artikelnummer="91278319" Zeichnungsnummer="0080026000002" Menge="1" Gewicht="4.85" preisvk="0.00" stlvar="-1" aplvar="0"><Arbeitsgang Pos="030" Arbg="310" Te="0.00" Tr="0.00"></Arbeitsgang>
<Arbeitsgang Pos="010" Arbg="180" Te="20.00" Tr="25.00"></Arbeitsgang><Arbeitsgang Pos="020" Arbg="170" Te="2.50" Tr="25.00"></Arbeitsgang>
<position level="3" name="Tür Edelstahl re au" Artikelnummer="91278316" Zeichnungsnummer="0080027000001" Menge="1" Gewicht="4.35" preisvk="0.00" stlvar="-1" aplvar="0"><Arbeitsgang Pos="010" Arbg="117" Te="1.82" Tr="2.80"></Arbeitsgang><Arbeitsgang Pos="020" Arbg="127" Te="1.63" Tr="5.00"></Arbeitsgang><Arbeitsgang Pos="030" Arbg="75" Te="1.80" Tr="0.00"></Arbeitsgang><Arbeitsgang Pos="040" Arbg="90" Te="0.30" Tr="5.00"></Arbeitsgang><Arbeitsgang Pos="050" Arbg="310" Te="0.00" Tr="0.00"></Arbeitsgang>
<Material Gewicht="4.35"><position level="4" name="Material-ERP" MaterialERP="1290080" Menge="4.83" MengenEinheit="kg"></position>
</Material>
</position>
<position level="3" name="Scharnier Edelst 120/52/5" Artikelnummer="91043537" Zeichnungsnummer="91043537" Menge="1" Gewicht="0.11" preisvk="0.00" stlvar="0" aplvar="0"><Material Gewicht="0.11"></Material>
</position>
<position level="3" name="Scharnier Edelst 120/52/8" Artikelnummer="91043557" Zeichnungsnummer="91043557" Menge="1" Gewicht="0.20" preisvk="0.00" stlvar="0" aplvar="0"><Material Gewicht="0.20"></Material>
</position>
<position level="3" name="Türgriff Edelst 290/38/20" Artikelnummer="91122995" Zeichnungsnummer="91122995" Menge="1" Gewicht="0.19" preisvk="0.00" stlvar="0" aplvar="0"><Material Gewicht="0.19"></Material>
</position>
</position>
<position level="2" name="Tür Edelst re in" Artikelnummer="91278311" Zeichnungsnummer="0080028000001" Menge="1" Gewicht="3.17" preisvk="0.00" stlvar="-1" aplvar="0"><Arbeitsgang Pos="010" Arbg="117" Te="0.98" Tr="2.80"></Arbeitsgang><Arbeitsgang Pos="020" Arbg="127" Te="1.62" Tr="5.00"></Arbeitsgang><Arbeitsgang Pos="030" Arbg="75" Te="1.80" Tr="0.00"></Arbeitsgang><Arbeitsgang Pos="040" Arbg="310" Te="0.00" Tr="0.00"></Arbeitsgang>
<Material Gewicht="3.17"><position level="3" name="Material-ERP" MaterialERP="2210060" Menge="3.52" MengenEinheit="kg"></position>
</Material>
</position>
<position level="2" name="Zellkautschukstreifen EPDM" Artikelnummer="91096625" Zeichnungsnummer="91096625" Menge="1" Gewicht="0.00" preisvk="0.00" stlvar="-1" aplvar="0"><Material Gewicht="0.00"><position level="3" name="Material-ERP" MaterialERP="91096625" Menge="3.583" MengenEinheit="m"></position>
</Material>
</position>
<position level="2" name="Dichtungsprofil Silikon" Artikelnummer="91069176" Zeichnungsnummer="91069176" Menge="1" Gewicht="0.00" preisvk="0.00" stlvar="-1" aplvar="0"><Material Gewicht="0.00"><position level="3" name="Material-ERP" MaterialERP="91069176" Menge="3.645" MengenEinheit="m"></position>
</Material>
</position>
<position level="2" name="Stopfen Rd PA6,6 ø12,7/10,3 schwarz" Artikelnummer="91085565" Zeichnungsnummer="91085565" Menge="1" Gewicht="0.00" preisvk="0.00" stlvar="0" aplvar="0"><Material Gewicht="0.00"></Material>
</position>
<position level="2" name="Silicon Dicht- und Klebstoff" Artikelnummer="4002994" Zeichnungsnummer="4002994" Menge="1" Gewicht="0.00" preisvk="0.00" stlvar="-1" aplvar="0"><Material Gewicht="0.00"><position level="3" name="Material-ERP" MaterialERP="4002994" Menge="0.35" MengenEinheit="Tub"></position>
</Material>
</position>
<position level="2" name="Lasche Edelst 20/10/3" Artikelnummer="91171326" Zeichnungsnummer="91171326" Menge="2" Gewicht="0.00" preisvk="0.00" stlvar="0" aplvar="0"><Material Gewicht="0.00"></Material>
</position>
<position level="2" name="Hartschaum System PUR" Artikelnummer="91093708" Zeichnungsnummer="91093708" Menge="1" Gewicht="0.58" preisvk="0.00" stlvar="-1" aplvar="0"><Material Gewicht="0.58"><position level="3" name="Material-ERP" MaterialERP="91128692" Menge="0.38" MengenEinheit="kg"></position>
</Material>
<Material Gewicht="0.58"><position level="3" name="Material-ERP" MaterialERP="91106112" Menge="0.26" MengenEinheit="kg"></position>
</Material>
</position>
</position>
<position level="1" name="Tür li mD Schaum kpl" Artikelnummer="91278271" Zeichnungsnummer="0080021000002" Menge="1" Gewicht="8.23" preisvk="0.00" stlvar="-1" aplvar="0"><Arbeitsgang Pos="040" Arbg="310" Te="0.00" Tr="0.00"></Arbeitsgang>
<Arbeitsgang Pos="010" Arbg="180" Te="50.00" Tr="25.00"></Arbeitsgang><Arbeitsgang Pos="020" Arbg="866" Te="40.00" Tr="100.00"></Arbeitsgang><Arbeitsgang Pos="030" Arbg="181" Te="15.17" Tr="25.00"></Arbeitsgang>
<position level="2" name="Tür li au kpl" Artikelnummer="91278266" Zeichnungsnummer="0080022000002" Menge="1" Gewicht="4.52" preisvk="0.00" stlvar="-1" aplvar="0"><Arbeitsgang Pos="020" Arbg="310" Te="0.00" Tr="0.00"></Arbeitsgang>
<Arbeitsgang Pos="010" Arbg="180" Te="20.00" Tr="25.00"></Arbeitsgang>
<position level="3" name="Tür Edelstahl li au" Artikelnummer="91278264" Zeichnungsnummer="0080023000001" Menge="1" Gewicht="4.52" preisvk="0.00" stlvar="-1" aplvar="0"><Arbeitsgang Pos="010" Arbg="117" Te="1.85" Tr="2.80"></Arbeitsgang><Arbeitsgang Pos="020" Arbg="127" Te="1.63" Tr="5.00"></Arbeitsgang><Arbeitsgang Pos="030" Arbg="120" Te="0.84" Tr="5.00"></Arbeitsgang><Arbeitsgang Pos="040" Arbg="75" Te="1.95" Tr="0.00"></Arbeitsgang><Arbeitsgang Pos="050" Arbg="90" Te="0.30" Tr="5.00"></Arbeitsgang><Arbeitsgang Pos="060" Arbg="310" Te="0.00" Tr="0.00"></Arbeitsgang>
<Material Gewicht="4.52"><position level="4" name="Material-ERP" MaterialERP="1290080" Menge="5.02" MengenEinheit="kg"></position>
</Material>
</position>
<position level="3" name="Scharnier Edelst 120/52/5" Artikelnummer="91043537" Zeichnungsnummer="91043537" Menge="1" Gewicht="0.00" preisvk="0.00" stlvar="0" aplvar="0"><Material Gewicht="0.00"></Material>
</position>
<position level="3" name="Scharnier Edelst 120/52/8" Artikelnummer="91043557" Zeichnungsnummer="91043557" Menge="1" Gewicht="0.00" preisvk="0.00" stlvar="0" aplvar="0"><Material Gewicht="0.00"></Material>
</position>
</position>
<position level="2" name="Tür Edelst li in" Artikelnummer="91278269" Zeichnungsnummer="0080024000001" Menge="1" Gewicht="3.13" preisvk="0.00" stlvar="-1" aplvar="0"><Arbeitsgang Pos="010" Arbg="117" Te="0.97" Tr="2.80"></Arbeitsgang><Arbeitsgang Pos="020" Arbg="127" Te="1.62" Tr="5.00"></Arbeitsgang><Arbeitsgang Pos="030" Arbg="75" Te="1.50" Tr="0.00"></Arbeitsgang><Arbeitsgang Pos="040" Arbg="310" Te="0.00" Tr="0.00"></Arbeitsgang>
<Material Gewicht="3.13"><position level="3" name="Material-ERP" MaterialERP="2210060" Menge="3.48" MengenEinheit="kg"></position>
</Material>
</position>
<position level="2" name="Zellkautschukstreifen EPDM" Artikelnummer="91096625" Zeichnungsnummer="91096625" Menge="1" Gewicht="0.00" preisvk="0.00" stlvar="-1" aplvar="0"><Material Gewicht="0.00"><position level="3" name="Material-ERP" MaterialERP="91096625" Menge="3.573" MengenEinheit="m"></position>
</Material>
</position>
<position level="2" name="Dichtungsprofil Silikon" Artikelnummer="91069176" Zeichnungsnummer="91069176" Menge="1" Gewicht="0.00" preisvk="0.00" stlvar="-1" aplvar="0"><Material Gewicht="0.00"><position level="3" name="Material-ERP" MaterialERP="91069176" Menge="2.384" MengenEinheit="m"></position>
</Material>
</position>
<position level="2" name="Stopfen Rd PA6,6 ø12,7/10,3 schwarz" Artikelnummer="91085565" Zeichnungsnummer="91085565" Menge="1" Gewicht="0.00" preisvk="0.00" stlvar="0" aplvar="0"><Material Gewicht="0.00"></Material>
</position>
<position level="2" name="Silicon Dicht- und Klebstoff" Artikelnummer="4002994" Zeichnungsnummer="4002994" Menge="1" Gewicht="0.00" preisvk="0.00" stlvar="-1" aplvar="0"><Material Gewicht="0.00"><position level="3" name="Material-ERP" MaterialERP="4002994" Menge="0.35" MengenEinheit="Tub"></position>
</Material>
</position>
<position level="2" name="Lasche Edelst 20/10/3" Artikelnummer="91171326" Zeichnungsnummer="91171326" Menge="1" Gewicht="0.00" preisvk="0.00" stlvar="0" aplvar="0"><Material Gewicht="0.00"></Material>
</position>
<position level="2" name="Hartschaum System PUR" Artikelnummer="91093708" Zeichnungsnummer="91093708" Menge="1" Gewicht="0.58" preisvk="0.00" stlvar="-1" aplvar="0"><Material Gewicht="0.58"><position level="3" name="Material-ERP" MaterialERP="91128692" Menge="0.39" MengenEinheit="kg"></position>
</Material>
<Material Gewicht="0.58"><position level="3" name="Material-ERP" MaterialERP="91106112" Menge="0.26" MengenEinheit="kg"></position>
</Material>
</position>
</position>
<position level="1" name="Distanzscheibe Edelst ø40/ø25,5/ø2" Artikelnummer="91117114" Zeichnungsnummer="91117114" Menge="2" Gewicht="0.01" preisvk="0.00" stlvar="0" aplvar="0"><Material Gewicht="0.01"></Material>
</position>
<position level="1" name="Distanzscheibe PA6 ø40/ø25,5/ø3" Artikelnummer="91079000" Zeichnungsnummer="91079000" Menge="2" Gewicht="0.01" preisvk="0.00" stlvar="0" aplvar="0"><Material Gewicht="0.01"></Material>
</position>
<position level="1" name="Schiebegriff kpl" Artikelnummer="91278304" Zeichnungsnummer="91278304" Menge="4" Gewicht="1.10" preisvk="0.00" stlvar="0" aplvar="0"><Material Gewicht="1.10"></Material>
</position>
<position level="1" name="Schraube DIN 933 Skt A2 M8/55" Artikelnummer="093300408055" Zeichnungsnummer="" Menge="4" Gewicht="0.03" preisvk="0.00" stlvar="0" aplvar="0"><Material Gewicht="0.03"></Material>
</position>
<position level="1" name="Scheibe DIN 9021 A2 B8,4" Artikelnummer="902100408B00" Zeichnungsnummer="" Menge="4" Gewicht="0.01" preisvk="0.00" stlvar="0" aplvar="0"><Material Gewicht="0.01"></Material>
</position>
<position level="1" name="Federring DIN 127 B8" Artikelnummer="012700408B00" Zeichnungsnummer="" Menge="4" Gewicht="0.00" preisvk="0.00" stlvar="0" aplvar="0"><Material Gewicht="0.00"></Material>
</position>

<position level="1" name="Lenkrolle St vzkt T1/160 m F" Artikelnummer="4000151-B" Zeichnungsnummer="4000151" Menge="2" Gewicht="2.42" preisvk="0.00" stlvar="0" aplvar="0"><Material Gewicht="2.42"></Material>
</position>
<position level="1" name="Bockrolle St vzkt T1/160" Artikelnummer="4000152-B" Zeichnungsnummer="4000152" Menge="2" Gewicht="1.61" preisvk="0.00" stlvar="0" aplvar="0"><Material Gewicht="1.61"></Material>
</position>

<position level="1" name="Winkel Edels hi li" Artikelnummer="91261999" Zeichnungsnummer="91261999" Menge="1" Gewicht="0.83" preisvk="0.00" stlvar="0" aplvar="0"><Material Gewicht="0.83"></Material>
</position>
<position level="1" name="Winkel Edels hi re" Artikelnummer="91262022" Zeichnungsnummer="91262022" Menge="1" Gewicht="0.83" preisvk="0.00" stlvar="0" aplvar="0"><Material Gewicht="0.83"></Material>
</position>
<position level="1" name="Auflageschiene Edelst re" Artikelnummer="91261570" Zeichnungsnummer="91261570" Menge="1" Gewicht="0.42" preisvk="0.00" stlvar="0" aplvar="0"><Material Gewicht="0.42"></Material>
</position>
<position level="1" name="Auflageschiene Edelst li" Artikelnummer="91261623" Zeichnungsnummer="91261623" Menge="1" Gewicht="0.42" preisvk="0.00" stlvar="0" aplvar="0"><Material Gewicht="0.42"></Material>
</position>
<position level="1" name="Auflage Drahtrost N5 Edelst 1000/600" Artikelnummer="0101782" Zeichnungsnummer="0101782001" Menge="1" Gewicht="4.10" preisvk="0.00" stlvar="0" aplvar="0"><Material Gewicht="4.10"></Material>
</position>


<position level="1" name="Etikett 74/90 platin glänzend" Artikelnummer="91174021" Zeichnungsnummer="91174021" Menge="1" Gewicht="0.00" preisvk="0.00" stlvar="0" aplvar="0"><Material Gewicht="0.00"></Material>
</position>
<position level="1" name="Schraubverstärkung 128/23/10 kpl" Artikelnummer="91074091" Zeichnungsnummer="91074091" Menge="8" Gewicht="0.10" preisvk="0.00" stlvar="0" aplvar="0"><Material Gewicht="0.10"></Material>
</position>
<position level="1" name="Schraube DIN933 Skt A4 M8/25" Artikelnummer="093300408025" Zeichnungsnummer="" Menge="16" Gewicht="0.02" preisvk="0.00" stlvar="0" aplvar="0"><Material Gewicht="0.02"></Material>
</position>
<position level="1" name="Federring DIN 127 B8" Artikelnummer="012700408B00" Zeichnungsnummer="" Menge="16" Gewicht="0.00" preisvk="0.00" stlvar="0" aplvar="0"><Material Gewicht="0.00"></Material>
</position>
<position level="1" name="Scheibe DIN 125 A2 B8,4" Artikelnummer="012500408B00" Zeichnungsnummer="" Menge="16" Gewicht="0.00" preisvk="0.00" stlvar="0" aplvar="0"><Material Gewicht="0.00"></Material>
</position>

<position level="1" name="Blindniet ISO 15977 A2/A2 ø4/10 DL61" Artikelnummer="91072510" Zeichnungsnummer="91072510" Menge="60" Gewicht="0.00" preisvk="0.00" stlvar="0" aplvar="0"><Material Gewicht="0.00"></Material>
</position>
<position level="1" name="Verpackung STWS/US" Artikelnummer="112" Zeichnungsnummer="112" Menge="1" Gewicht="0.00" preisvk="0.00" stlvar="0" aplvar="0"><Material Gewicht="0.00"></Material>
</position>
</object>

</envelope>