<?xml version="1.0" encoding="ISO-8859-1"?>
<envelope>
<session-info format="2.0.0" debug="true"  p4server="P4" p4aunr="90210340" p4aupos="3" p4typ="AU" />
<object name="ANLAGE" ProjektNummer="-" type="AB oder AG" vorgang="angebots oder auftragsnummer" kd-pos="02" positionsnummer="" Zeichnungsnummer="90210340-00010" Gewicht="44.28" preisvk="2870.71" preishk="1013.19" stlvar="-1" aplvar="0" FrePosTV="nein" FrePosAV="nein">
   <text sprache="DEU" Artikelbezeichnung1="Tischanlage" Artikelbezeichnung2="" Artikelbezeichnung3="" Artikelbezeichnung4="" Positionstext=""></text>
   <text sprache="ENG" Artikelbezeichnung1="Artikeltext ENG 1" Artikelbezeichnung2="Artikeltext - ENG2" Positionstext=""></text>
   <text sprache="FRA" Artikelbezeichnung="Schrankanlage - FRA" Positionstext=""></text>
   <text sprache="ITA" Artikelbezeichnung="Schrankanlage - ITA" Positionstext=""></text>
   <text sprache="NED" Artikelbezeichnung="Schrankanlage - NED" Positionstext=""></text>
   <text sprache="SPA" Artikelbezeichnung="Schrankanlage - SPA" Positionstext=""></text>
   <rtf sprache="DEU"><![CDATA[{\rtf1\ansi\ansicpg1252\uc0\deff0{\fonttbl{\f0\fswiss\fcharset0\fprq2 Arial;}}{\colortbl;\red0\green0\blue0;\red255\green255\blue255;}\deftab1134\plain\f0\fs20 \pard\li850 LV-Position: \tab\tab\tab 02 \par Zeichnungsposition: \tab 02 \par  \par Bestehend aus: \par LV-Position: \tab\tab\tab 02.1 \par Tischplatte \par Abm.: 2500x700x50 mm \par  \par LV-Position: \tab\tab\tab 02.2 \par Arbeitstisch Grundboden \par Abm: 1994x625x750 mm \par  \par   \par  \par  \par }]]></rtf>
   <rtf sprache="ENG"><![CDATA[{\rtf1\ansi\ansicpg1252\uc0\deff0{\fonttbl{\f0\fswiss\fcharset0\fprq2 Arial;}}{\colortbl;\red0\green0\blue0;\red255\green255\blue255;}\deftab1134\plain\f0\fs20 \pard\li850 Artikelbeschreibung Englisch \par }]]></rtf>
   <rtf sprache="FRA"><![CDATA[{\rtf1\ansi\ansicpg1252\uc0\deff0{\fonttbl{\f0\fswiss\fcharset0\fprq2 Arial;}}{\colortbl;\red0\green0\blue0;\red255\green255\blue255;}\deftab1134\plain\f0\fs20 \pard\li850  \par }]]></rtf>
   <rtf sprache="ITA"><![CDATA[{\rtf1\ansi\ansicpg1252\uc0\deff0{\fonttbl{\f0\fswiss\fcharset0\fprq2 Arial;}}{\colortbl;\red0\green0\blue0;\red255\green255\blue255;}\deftab1134\plain\f0\fs20 \pard\li850  \par }]]></rtf>
<rtf sprache="NED"><![CDATA[{\rtf1\ansi\ansicpg1252\uc0\deff0{\fonttbl{\f0\fswiss\fcharset0\fprq2 Arial;}}{\colortbl;\red0\green0\blue0;\red255\green255\blue255;}\deftab1134\plain\f0\fs20 \pard\li850  \par }]]></rtf>
<rtf sprache="SPA"><![CDATA[{\rtf1\ansi\ansicpg1252\uc0\deff0{\fonttbl{\f0\fswiss\fcharset0\fprq2 Arial;}}{\colortbl;\red0\green0\blue0;\red255\green255\blue255;}\deftab1134\plain\f0\fs20 \pard\li850  \par }]]></rtf>
<zeile name="Anlagenzeile" Zeilennummer="01">
<position level="1" name="Dummy-Schrank: linker Schrank" Artikelnummer="SCHRANK" Zeichnungsnummer="90210340-000100101" 
Menge="1" Gewicht="0.00" preisvk="1870.00" preishk="660.00" UnterpositionsNr="0101" stlvar="0" aplvar="0" FreUntPosTV="nein" FreUntPosAV="nein" kd-pos="02.2" positionsnummer="">
<text sprache="DEU" Artikelbezeichnung1="Dummy-Schrank: linker Schrank" Artikelbezeichnung2="" Artikelbezeichnung3="" Artikelbezeichnung4="" Positionstext=""></text>
<text sprache="ENG" Artikelbezeichnung1="Schrank - ENG1" Artikelbezeichnung2="Schrank - ENG2" Artikelbezeichnung3="Schrank - ENG3" Artikelbezeichnung4="Schrank - ENG4" Positionstext=""></text>
<text sprache="FRA" Artikelbezeichnung1="Schrank - FRA1" Artikelbezeichnung2="Schrank - FRA2" Artikelbezeichnung3="Schrank - FRA3" Artikelbezeichnung4="Schrank - FRA4" Positionstext=""></text>
<text sprache="ITA" Artikelbezeichnung1="Schrank - ITA1" Artikelbezeichnung2="Schrank - ITA2" Artikelbezeichnung3="Schrank - ITA3" Artikelbezeichnung4="Schrank - ITA4" Positionstext=""></text>
<text sprache="NED" Artikelbezeichnung1="Schrank - NED1" Artikelbezeichnung2="Schrank - NED2" Artikelbezeichnung3="Schrank - NED3" Artikelbezeichnung4="Schrank - NED4" Positionstext=""></text>
<text sprache="SPA" Artikelbezeichnung1="Schrank - SPA1" Artikelbezeichnung2="Schrank - SPA2" Artikelbezeichnung3="Schrank - SPA3" Artikelbezeichnung4="Schrank - SPA4" Positionstext=""></text>
<rtf sprache="DEU"><![CDATA[{\rtf1\ansi\ansicpg1252\uc0\deff0{\fonttbl{\f0\fswiss\fcharset0\fprq2 Arial;}}{\colortbl;\red0\green0\blue0;\red255\green255\blue255;}\deftab1134\plain\f0\fs20 \pard\li850  \par }]]></rtf>
<rtf sprache="ENG"><![CDATA[{\rtf1\ansi\ansicpg1252\uc0\deff0{\fonttbl{\f0\fswiss\fcharset0\fprq2 Arial;}}{\colortbl;\red0\green0\blue0;\red255\green255\blue255;}\deftab1134\plain\f0\fs20 \pard\li850  \par }]]></rtf>
<rtf sprache="FRA"><![CDATA[{\rtf1\ansi\ansicpg1252\uc0\deff0{\fonttbl{\f0\fswiss\fcharset0\fprq2 Arial;}}{\colortbl;\red0\green0\blue0;\red255\green255\blue255;}\deftab1134\plain\f0\fs20 \pard\li850  \par }]]></rtf>
<rtf sprache="ITA"><![CDATA[{\rtf1\ansi\ansicpg1252\uc0\deff0{\fonttbl{\f0\fswiss\fcharset0\fprq2 Arial;}}{\colortbl;\red0\green0\blue0;\red255\green255\blue255;}\deftab1134\plain\f0\fs20 \pard\li850  \par }]]></rtf>
<rtf sprache="NED"><![CDATA[{\rtf1\ansi\ansicpg1252\uc0\deff0{\fonttbl{\f0\fswiss\fcharset0\fprq2 Arial;}}{\colortbl;\red0\green0\blue0;\red255\green255\blue255;}\deftab1134\plain\f0\fs20 \pard\li850  \par }]]></rtf>
<rtf sprache="SPA"><![CDATA[{\rtf1\ansi\ansicpg1252\uc0\deff0{\fonttbl{\f0\fswiss\fcharset0\fprq2 Arial;}}{\colortbl;\red0\green0\blue0;\red255\green255\blue255;}\deftab1134\plain\f0\fs20 \pard\li850  \par }]]></rtf>
<position level="2" name="Traverse vorne" Artikelnummer="MAT_TISCHPLATTE" Zeichnungsnummer="3911720003001513" Menge="1" Gewicht="4.01" preisvk="0.00" stlvar="-1" aplvar="0">
<Arbeitsgang Pos="010" Arbg="2000" Te="4.23" Tr="0.30"></Arbeitsgang>
<Arbeitsgang Pos="020" Arbg="306" Te="2.40" Tr="5.00"></Arbeitsgang>
</position>
</position>
<position level="1" name="Dummy-Schrank: rechter Schrank" Artikelnummer="SCHRANK" Zeichnungsnummer="90210340-000100102" 
Menge="1" Gewicht="0.00" preisvk="1870.00" preishk="660.00" UnterpositionsNr="0102" stlvar="0" aplvar="0" FreUntPosTV="nein" FreUntPosAV="nein" kd-pos="02.2" positionsnummer="">
<text sprache="DEU" Artikelbezeichnung1="Dummy-Schrank: Arbeitstisch Grundboden" Artikelbezeichnung2="" Artikelbezeichnung3="" Artikelbezeichnung4="" Positionstext=""></text>
<text sprache="ENG" Artikelbezeichnung1="Schrank - ENG1" Artikelbezeichnung2="Schrank - ENG2" Artikelbezeichnung3="Schrank - ENG3" Artikelbezeichnung4="Schrank - ENG4" Positionstext=""></text>
<text sprache="FRA" Artikelbezeichnung1="Schrank - FRA1" Artikelbezeichnung2="Schrank - FRA2" Artikelbezeichnung3="Schrank - FRA3" Artikelbezeichnung4="Schrank - FRA4" Positionstext=""></text>
<text sprache="ITA" Artikelbezeichnung1="Schrank - ITA1" Artikelbezeichnung2="Schrank - ITA2" Artikelbezeichnung3="Schrank - ITA3" Artikelbezeichnung4="Schrank - ITA4" Positionstext=""></text>
<text sprache="NED" Artikelbezeichnung1="Schrank - NED1" Artikelbezeichnung2="Schrank - NED2" Artikelbezeichnung3="Schrank - NED3" Artikelbezeichnung4="Schrank - NED4" Positionstext=""></text>
<text sprache="SPA" Artikelbezeichnung1="Schrank - SPA1" Artikelbezeichnung2="Schrank - SPA2" Artikelbezeichnung3="Schrank - SPA3" Artikelbezeichnung4="Schrank - SPA4" Positionstext=""></text>
<rtf sprache="DEU"><![CDATA[{\rtf1\ansi\ansicpg1252\uc0\deff0{\fonttbl{\f0\fswiss\fcharset0\fprq2 Arial;}}{\colortbl;\red0\green0\blue0;\red255\green255\blue255;}\deftab1134\plain\f0\fs20 \pard\li850  \par }]]></rtf>
<rtf sprache="ENG"><![CDATA[{\rtf1\ansi\ansicpg1252\uc0\deff0{\fonttbl{\f0\fswiss\fcharset0\fprq2 Arial;}}{\colortbl;\red0\green0\blue0;\red255\green255\blue255;}\deftab1134\plain\f0\fs20 \pard\li850  \par }]]></rtf>
<rtf sprache="FRA"><![CDATA[{\rtf1\ansi\ansicpg1252\uc0\deff0{\fonttbl{\f0\fswiss\fcharset0\fprq2 Arial;}}{\colortbl;\red0\green0\blue0;\red255\green255\blue255;}\deftab1134\plain\f0\fs20 \pard\li850  \par }]]></rtf>
<rtf sprache="ITA"><![CDATA[{\rtf1\ansi\ansicpg1252\uc0\deff0{\fonttbl{\f0\fswiss\fcharset0\fprq2 Arial;}}{\colortbl;\red0\green0\blue0;\red255\green255\blue255;}\deftab1134\plain\f0\fs20 \pard\li850  \par }]]></rtf>
<rtf sprache="NED"><![CDATA[{\rtf1\ansi\ansicpg1252\uc0\deff0{\fonttbl{\f0\fswiss\fcharset0\fprq2 Arial;}}{\colortbl;\red0\green0\blue0;\red255\green255\blue255;}\deftab1134\plain\f0\fs20 \pard\li850  \par }]]></rtf>
<rtf sprache="SPA"><![CDATA[{\rtf1\ansi\ansicpg1252\uc0\deff0{\fonttbl{\f0\fswiss\fcharset0\fprq2 Arial;}}{\colortbl;\red0\green0\blue0;\red255\green255\blue255;}\deftab1134\plain\f0\fs20 \pard\li850  \par }]]></rtf>
<position level="2" name="Traverse vorne" Artikelnummer="MAT_TISCHPLATTE" Zeichnungsnummer="3911720003001513" Menge="1" Gewicht="4.01" preisvk="0.00" stlvar="-1" aplvar="0">
<Arbeitsgang Pos="010" Arbg="2000" Te="4.23" Tr="0.30"></Arbeitsgang>
<Arbeitsgang Pos="020" Arbg="306" Te="2.40" Tr="5.00"></Arbeitsgang>
</position>
</position>
<position level="1" name="Tischplatte kpl  2500x700" Artikelnummer="TISCHPLATTE" Zeichnungsnummer="90210340-000100151" Menge="1" Gewicht="44.28" preisvk="1000.71" preishk="353.19" UnterpositionsNr="0151" stlvar="-1" aplvar="0" FreUntPosTV="nein" FreUntPosAV="nein" kd-pos="02.1" positionsnummer="">
<text sprache="DEU" Artikelbezeichnung1="Tischplatte kpl  2500x700" Artikelbezeichnung2="" Artikelbezeichnung3="" Artikelbezeichnung4="" Positionstext=""></text>
<text sprache="ENG" Artikelbezeichnung1="Tischplatte - ENG1" Artikelbezeichnung2="Tischplatte - ENG2" Artikelbezeichnung3="" Artikelbezeichnung4="" Positionstext=""></text>
<text sprache="FRA" Artikelbezeichnung1="Tischplatte - FRA1" Artikelbezeichnung2="Tischplatte - FRA2" Artikelbezeichnung3="" Artikelbezeichnung4="" Positionstext=""></text>
<text sprache="ITA" Artikelbezeichnung1="Tischplatte - ITA1" Artikelbezeichnung2="Tischplatte - ITA2" Artikelbezeichnung3="" Artikelbezeichnung4="" Positionstext=""></text>
<text sprache="NED" Artikelbezeichnung1="Tischplatte - NED1" Artikelbezeichnung2="Tischplatte - NED2" Artikelbezeichnung3="" Artikelbezeichnung4="" Positionstext=""></text>
<text sprache="SPA" Artikelbezeichnung1="Tischplatte - SPA1" Artikelbezeichnung2="Tischplatte - SPA2" Artikelbezeichnung3="" Artikelbezeichnung4="" Positionstext=""></text>
<rtf sprache="DEU"><![CDATA[{\rtf1\ansi\ansicpg1252\uc0\deff0{\fonttbl{\f0\fswiss\fcharset0\fprq2 Arial;}}{\colortbl;\red0\green0\blue0;\red255\green255\blue255;}\deftab1134\plain\f0\fs20 \pard\li850  \par }]]></rtf>
<rtf sprache="ENG"><![CDATA[{\rtf1\ansi\ansicpg1252\uc0\deff0{\fonttbl{\f0\fswiss\fcharset0\fprq2 Arial;}}{\colortbl;\red0\green0\blue0;\red255\green255\blue255;}\deftab1134\plain\f0\fs20 \pard\li850  \par }]]></rtf>
<rtf sprache="FRA"><![CDATA[{\rtf1\ansi\ansicpg1252\uc0\deff0{\fonttbl{\f0\fswiss\fcharset0\fprq2 Arial;}}{\colortbl;\red0\green0\blue0;\red255\green255\blue255;}\deftab1134\plain\f0\fs20 \pard\li850  \par }]]></rtf>
<rtf sprache="ITA"><![CDATA[{\rtf1\ansi\ansicpg1252\uc0\deff0{\fonttbl{\f0\fswiss\fcharset0\fprq2 Arial;}}{\colortbl;\red0\green0\blue0;\red255\green255\blue255;}\deftab1134\plain\f0\fs20 \pard\li850  \par }]]></rtf>
<rtf sprache="NED"><![CDATA[{\rtf1\ansi\ansicpg1252\uc0\deff0{\fonttbl{\f0\fswiss\fcharset0\fprq2 Arial;}}{\colortbl;\red0\green0\blue0;\red255\green255\blue255;}\deftab1134\plain\f0\fs20 \pard\li850  \par }]]></rtf>
<rtf sprache="SPA"><![CDATA[{\rtf1\ansi\ansicpg1252\uc0\deff0{\fonttbl{\f0\fswiss\fcharset0\fprq2 Arial;}}{\colortbl;\red0\green0\blue0;\red255\green255\blue255;}\deftab1134\plain\f0\fs20 \pard\li850  \par }]]></rtf>
<Arbeitsgang Pos="010" Arbg="2000" Te="50.00" Tr="10.00"></Arbeitsgang>
<Arbeitsgang Pos="020" Arbg="306" Te="0.00" Tr="0.00"></Arbeitsgang>
<position level="2" name="Traverse vorne" Artikelnummer="MAT_TISCHPLATTE" Zeichnungsnummer="3911720003001513" Menge="1" Gewicht="4.01" preisvk="0.00" stlvar="-1" aplvar="0">
<Arbeitsgang Pos="010" Arbg="2000" Te="4.23" Tr="0.30"></Arbeitsgang>
<Arbeitsgang Pos="020" Arbg="306" Te="2.40" Tr="5.00"></Arbeitsgang>
</position>
</position>
</zeile>
</object>
</envelope>