<?xml version="1.0" encoding="UTF-8"?>
<envelope>
<session-info format="2.0.0" debug="true"  p4server="P4" p4aunr="401194" p4aupos="1" p4typ="AG" />
<object name="ISOBOX" ProjektNummer="-" type="AB oder AG" vorgang="angebots oder auftragsnummer" positionsnummer="angebots oder auftragsposition" Zeichnungsnummer="401194-00010" Gewicht="80.00" fertiglaenge="0.00" fertigbreite="0.00" fertighoehe="0.00" preisvk="5047" preishk="1925" stlvar="-1" aplvar="0"><text sprache="DEU" Artikelbezeichnung1="ISOBOX® Mobil 1/16 75 230V" Artikelbezeichnung2="" Artikelbezeichnung3="" Artikelbezeichnung4="" Positionstext="Dies ist der Positionstext aus dem Konfigurator für die ISOBOX - DEU"></text><text sprache="ENG" Artikelbezeichnung1="ISOBOX® Mobil 1/16 75 230V" Artikelbezeichnung2="" Artikelbezeichnung3="" Artikelbezeichnung4="" Positionstext="Dies ist der Positionstext aus dem Konfigurator für die ISOBOX - ENG"></text><text sprache="FRA" Artikelbezeichnung1="ISOBOX® Mobil 1/16 75 230V" Artikelbezeichnung2="" Artikelbezeichnung3="" Artikelbezeichnung4="" Positionstext="Dies ist der Positionstext aus dem Konfigurator für die ISOBOX - FRA"></text><text sprache="ITA" Artikelbezeichnung1="ISOBOX® Mobil 1/16 75 230V" Artikelbezeichnung2="" Artikelbezeichnung3="" Artikelbezeichnung4="" Positionstext="Dies ist der Positionstext aus dem Konfigurator für die ISOBOX - ITA"></text><text sprache="NED" Artikelbezeichnung1="ISOBOX® Mobil 1/16 75 230V" Artikelbezeichnung2="" Artikelbezeichnung3="" Artikelbezeichnung4="" Positionstext="Dies ist der Positionstext aus dem Konfigurator für die ISOBOX - NED"></text><text sprache="SPA" Artikelbezeichnung1="ISOBOX® Mobil 1/16 75 230V" Artikelbezeichnung2="" Artikelbezeichnung3="" Artikelbezeichnung4="" Positionstext="Dies ist der Positionstext aus dem Konfigurator für die ISOBOX - SPA"></text><text sprache="US" Artikelbezeichnung1="ISOBOX® Mobil 1/16 75 230V" Artikelbezeichnung2="" Artikelbezeichnung3="" Artikelbezeichnung4="" Positionstext="Dies ist der Positionstext aus dem Konfigurator für die ISOBOX - US"></text><rtf sprache="DEU"><![CDATA[{\rtf1\ansi\ansicpg1252\uc0\deff0{\fonttbl{\f0\fswiss\fcharset0\fprq2 Arial;}}{\colortbl;\red0\green0\blue0;\red255\green255\blue255;}\deftab1134\plain\f0\fs20 \pard\li850 Außenabmessungen: \tab 585 x 799 x 1531 \par Abteile: \tab \tab \tab \tab 1 \par Einschubmaß: \tab \tab GN 1/1 /530 x 325 mm \par Einschub: \tab \tab \tab \tab Längseinschub \par Auflagenpaare: \tab \tab 1 x 16 \par Höhenraster: \tab \tab \tab 75 mm \par Flügeltüren: \tab \tab \tab 1, Türanschlag: links \par Nettogewicht: \tab \tab \tab 80 kg \par Tragkraft: \tab \tab \tab \tab 154 kg \par  \par ausgestattet mit: \par 2 Lenkrollen mit Feststeller, 2 Bockrollen, Kunststoff, ø125 mm \par  \par Wärmemodul 230 V / 0,8 KW \par Farbe Seiten- und Rückwand: RAL5015 / Himmelblau \par Farbe Tür: RAL5015 / Himmelblau \par }]]></rtf><rtf sprache="ENG"><![CDATA[{\rtf1\ansi\ansicpg1252\uc0\deff0{\fonttbl{\f0\fswiss\fcharset0\fprq2 Arial;}}{\colortbl;\red0\green0\blue0;\red255\green255\blue255;}\deftab1134\plain\f0\fs20 \pard\li850 External dimensions: \tab 585 x 799 x 1531 \par Compartments: \tab \tab 1 \par Rack unit dimension: \tab GN 1/1 /530 x 325 mm \par Rack unit: \tab \tab \tab \tab Lengthwise insertion \par Support rail pairs: \tab \tab 1 x 16 \par Height grid: \tab \tab \tab 75 mm \par Hinged door(s): \tab \tab 1, door hinge: left \par Net weight: \tab \tab \tab 80 kg \par Load capacity: \tab \tab 154 kg \par  \par Equipped with: \par 2 swivel castors with locks, 2 fixed castors, plastic, ø125 mm \par  \par Heater module 230 V / 0,8 KW \par Colour rear and side panels: RAL5015 / Sky blue \par Colour door panel: RAL5015 / Sky blue \par }]]></rtf><rtf sprache="FRA"><![CDATA[{\rtf1\ansi\ansicpg1252\uc0\deff0{\fonttbl{\f0\fswiss\fcharset0\fprq2 Arial;}}{\colortbl;\red0\green0\blue0;\red255\green255\blue255;}\deftab1134\plain\f0\fs20 \pard\li850  \par }]]></rtf><rtf sprache="ITA"><![CDATA[{\rtf1\ansi\ansicpg1252\uc0\deff0{\fonttbl{\f0\fswiss\fcharset0\fprq2 Arial;}}{\colortbl;\red0\green0\blue0;\red255\green255\blue255;}\deftab1134\plain\f0\fs20 \pard\li850  \par }]]></rtf><rtf sprache="NED"><![CDATA[{\rtf1\ansi\ansicpg1252\uc0\deff0{\fonttbl{\f0\fswiss\fcharset0\fprq2 Arial;}}{\colortbl;\red0\green0\blue0;\red255\green255\blue255;}\deftab1134\plain\f0\fs20 \pard\li850  \par }]]></rtf><rtf sprache="SPA"><![CDATA[{\rtf1\ansi\ansicpg1252\uc0\deff0{\fonttbl{\f0\fswiss\fcharset0\fprq2 Arial;}}{\colortbl;\red0\green0\blue0;\red255\green255\blue255;}\deftab1134\plain\f0\fs20 \pard\li850  \par }]]></rtf><rtf sprache="US"><![CDATA[{\rtf1\ansi\ansicpg1252\uc0\deff0{\fonttbl{\f0\fswiss\fcharset0\fprq2 Arial;}}{\colortbl;\red0\green0\blue0;\red255\green255\blue255;}\deftab1134\plain\f0\fs20 \pard\li850  \par }]]></rtf><Arbeitsgang Pos="010" Arbg="6" Te="0.00" Tr="0.00"></Arbeitsgang><Arbeitsgang Pos="020" Arbg="219" Te="120.00" Tr="20.00"></Arbeitsgang><Arbeitsgang Pos="030" Arbg="301" Te="0.00" Tr="0.00"></Arbeitsgang>
<typenschild etikettenformat="91174021" file-icon-entsorgung="" file-logo-hersteller="Hupfer_made_in_Germany.jpg" file-icon-schutz-iso="" file-icon-gs="" file-icon-ce="" file-icon-ul="" file-icon-nsf="" label-bezeichnung="" eigengewicht="80 kg / 176 lbs" frequenz="" leistung="" spannung="" stromstaerke="" nutzlast="154 kg / 340 lbs" schutzart="IPX6" kaelteleistung="" kaeltemittel="" menge-kaeltemittel="" induktionsfrequenz=""></typenschild>
<position level="1" name="Chassis V kpl" Artikelnummer="91322422" Zeichnungsnummer="0090001000023" Menge="1" Gewicht="8.16" rohgewicht="0.00" fertiglaenge="0.00" fertigbreite="0.00" fertighoehe="0.00" preisvk="0.00" stlvar="-1" aplvar="0"><Arbeitsgang Pos="010" Arbg="186" Te="20.00" Tr="5.00"></Arbeitsgang>
<position level="2" name="Chassis Edelst" Artikelnummer="91325662" Zeichnungsnummer="91325662" Menge="1" Gewicht="6.86" rohgewicht="0.00" fertiglaenge="0.00" fertigbreite="0.00" fertighoehe="0.00" preisvk="0.00" stlvar="0" aplvar="0"><Material Gewicht="6.86"></Material>
</position>
<position level="2" name="Traverse Edelst 658/53.5/35.5" Artikelnummer="91326667" Zeichnungsnummer="91326667" Menge="2" Gewicht="1.30" rohgewicht="0.00" fertiglaenge="0.00" fertigbreite="0.00" fertighoehe="0.00" preisvk="0.00" stlvar="0" aplvar="0"><Material Gewicht="1.30"></Material>
</position>
<position level="1" name="Blindniet ISO 15977 A2/A2 ø4/10 DL61" Artikelnummer="91072510" Zeichnungsnummer="91072510" Menge="8" Gewicht="0.00" rohgewicht="0.00" fertiglaenge="0.00" fertigbreite="0.00" fertighoehe="0.00" preisvk="0.00" stlvar="0" aplvar="0"><Material Gewicht="0.00"></Material>
</position>
</position>
<position level="1" name="Aussengehäuse kpl" Artikelnummer="91325493" Zeichnungsnummer="0090005000259" Menge="1" Gewicht="48.84" rohgewicht="0.00" fertiglaenge="0.00" fertigbreite="0.00" fertighoehe="0.00" preisvk="0.00" stlvar="-1" aplvar="0"><Arbeitsgang Pos="010" Arbg="186" Te="17.00" Tr="5.00"></Arbeitsgang>
<position level="2" name="Grundrahmen kpl" Artikelnummer="91325494" Zeichnungsnummer="0090006000145" Menge="1" Gewicht="28.54" rohgewicht="0.00" fertiglaenge="0.00" fertigbreite="0.00" fertighoehe="0.00" preisvk="0.00" stlvar="-1" aplvar="0"><Arbeitsgang Pos="010" Arbg="186" Te="50.00" Tr="10.00"></Arbeitsgang>
<position level="3" name="Boden kpl" Artikelnummer="91323102" Zeichnungsnummer="0090007000006" Menge="1" Gewicht="2.70" rohgewicht="0.00" fertiglaenge="0.00" fertigbreite="0.00" fertighoehe="0.00" preisvk="0.00" stlvar="-1" aplvar="0"><Arbeitsgang Pos="010" Arbg="186" Te="14.00" Tr="5.00"></Arbeitsgang>
<position level="4" name="Isolation Boden kpl" Artikelnummer="91322332" Zeichnungsnummer="0090008000004" Menge="1" Gewicht="0.83" rohgewicht="0.00" fertiglaenge="0.00" fertigbreite="0.00" fertighoehe="0.00" preisvk="0.00" stlvar="-1" aplvar="0"><Arbeitsgang Pos="010" Arbg="186" Te="7.00" Tr="2.00"></Arbeitsgang>
<position level="5" name="Platte Al roh" Artikelnummer="91322333" Zeichnungsnummer="0090009000004" Menge="1" Gewicht="0.66" rohgewicht="0.00" fertiglaenge="0.00" fertigbreite="0.00" fertighoehe="0.00" preisvk="0.00" stlvar="-1" aplvar="0"><Arbeitsgang Pos="010" Arbg="50" Te="0.70" Tr="3.00"></Arbeitsgang>
<Material Gewicht="0.66"><position level="6" name="Material-ERP" MaterialERP="1510100" Menge="0.734" MengenEinheit="kg"></position>
</Material>
</position>
<position level="5" name="Isolation PIR 24" Artikelnummer="91324141" Zeichnungsnummer="0090010000009" Menge="1" Gewicht="0.17" rohgewicht="0.00" fertiglaenge="0.00" fertigbreite="0.00" fertighoehe="0.00" preisvk="0.00" stlvar="-1" aplvar="0"><Arbeitsgang Pos="010" Arbg="861" Te="1.20" Tr="2.00"></Arbeitsgang>
<Material Gewicht="0.17"><position level="6" name="Material-ERP" MaterialERP="91329972" Menge="0.241" MengenEinheit="qm"></position>
</Material>
</position>
<position level="5" name="20ml Klebstoff Polyurethan" Artikelnummer="91265030" Zeichnungsnummer="91265030" Menge="0.020" Gewicht="0.00" rohgewicht="0.00" fertiglaenge="0.00" fertigbreite="0.00" fertighoehe="0.00" preisvk="0.00" stlvar="0" aplvar="0"><Material Gewicht="0.00"></Material>
</position>
<position level="5" name="4ml Verdünner für Klebstoff Polyurethan" Artikelnummer="91267087" Zeichnungsnummer="91267087" Menge="0.004" Gewicht="0.00" rohgewicht="0.00" fertiglaenge="0.00" fertigbreite="0.00" fertighoehe="0.00" preisvk="0.00" stlvar="0" aplvar="0"><Material Gewicht="0.00"></Material>
</position>
</position>
<position level="4" name="Profil Al elox vo ob/un" Artikelnummer="91325652" Zeichnungsnummer="91325652" Menge="1" Gewicht="0.26" rohgewicht="0.00" fertiglaenge="0.00" fertigbreite="0.00" fertighoehe="0.00" preisvk="0.00" stlvar="0" aplvar="0"><Material Gewicht="0.26"></Material>
</position>
<position level="4" name="Profil Al elox hi ob/un" Artikelnummer="91325654" Zeichnungsnummer="91325654" Menge="1" Gewicht="0.33" rohgewicht="0.00" fertiglaenge="0.00" fertigbreite="0.00" fertighoehe="0.00" preisvk="0.00" stlvar="0" aplvar="0"><Material Gewicht="0.33"></Material>
</position>
<position level="4" name="Profil Al elox seitl." Artikelnummer="91325653" Zeichnungsnummer="91325653" Menge="2" Gewicht="1.12" rohgewicht="0.00" fertiglaenge="0.00" fertigbreite="0.00" fertighoehe="0.00" preisvk="0.00" stlvar="0" aplvar="0"><Material Gewicht="1.12"></Material>
</position>
<position level="4" name="Eckverbinder Al 50/50/40/5" Artikelnummer="91340290" Zeichnungsnummer="91340290" Menge="4" Gewicht="0.16" rohgewicht="0.00" fertiglaenge="0.00" fertigbreite="0.00" fertighoehe="0.00" preisvk="0.00" stlvar="0" aplvar="0"><Material Gewicht="0.16"></Material>
</position>
<position level="4" name="Schraube DIN 965 Senkk A2 M4/M10" Artikelnummer="91264719" Zeichnungsnummer="91264719" Menge="8" Gewicht="0.00" rohgewicht="0.00" fertiglaenge="0.00" fertigbreite="0.00" fertighoehe="0.00" preisvk="0.00" stlvar="0" aplvar="0"><Material Gewicht="0.00"></Material>
</position>
<position level="4" name="Kleb-u.Dichtstoff MS Polymer" Artikelnummer="4002982" Zeichnungsnummer="4002982" Menge="0.103" Gewicht="0.00" rohgewicht="0.00" fertiglaenge="0.00" fertigbreite="0.00" fertighoehe="0.00" preisvk="0.00" stlvar="0" aplvar="0"><Material Gewicht="0.00"></Material>
</position>
</position>
<position level="3" name="Dach kpl" Artikelnummer="91323070" Zeichnungsnummer="0090014000006" Menge="1" Gewicht="3.60" rohgewicht="0.00" fertiglaenge="0.00" fertigbreite="0.00" fertighoehe="0.00" preisvk="0.00" stlvar="-1" aplvar="0"><Arbeitsgang Pos="010" Arbg="186" Te="14.00" Tr="5.00"></Arbeitsgang>
<position level="4" name="Isolation Dach kpl" Artikelnummer="91322329" Zeichnungsnummer="0090015000004" Menge="1" Gewicht="1.73" rohgewicht="0.00" fertiglaenge="0.00" fertigbreite="0.00" fertighoehe="0.00" preisvk="0.00" stlvar="-1" aplvar="0"><Arbeitsgang Pos="010" Arbg="186" Te="7.00" Tr="2.00"></Arbeitsgang>
<position level="5" name="Blech Edelst" Artikelnummer="91322330" Zeichnungsnummer="0090016000002" Menge="1" Gewicht="1.56" rohgewicht="0.00" fertiglaenge="0.00" fertigbreite="0.00" fertighoehe="0.00" preisvk="0.00" stlvar="-1" aplvar="0"><Arbeitsgang Pos="010" Arbg="50" Te="0.70" Tr="3.00"></Arbeitsgang>
<Material Gewicht="1.56"><position level="6" name="Material-ERP" MaterialERP="1290100" Menge="1.732181" MengenEinheit="kg"></position>
</Material>
</position>
<position level="5" name="Isolation PIR 24" Artikelnummer="91324141" Zeichnungsnummer="0090010000009" Menge="1" Gewicht="0.17" rohgewicht="0.00" fertiglaenge="0.00" fertigbreite="0.00" fertighoehe="0.00" preisvk="0.00" stlvar="-1" aplvar="0"><Arbeitsgang Pos="010" Arbg="861" Te="1.20" Tr="2.00"></Arbeitsgang>
<Material Gewicht="0.17"><position level="6" name="Material-ERP" MaterialERP="91329972" Menge="0.241" MengenEinheit="qm"></position>
</Material>
</position>
<position level="5" name="20ml Klebstoff Polyurethan" Artikelnummer="91265030" Zeichnungsnummer="91265030" Menge="0.020" Gewicht="0.00" rohgewicht="0.00" fertiglaenge="0.00" fertigbreite="0.00" fertighoehe="0.00" preisvk="0.00" stlvar="0" aplvar="0"><Material Gewicht="0.00"></Material>
</position>
<position level="5" name="4ml Verdünner für Klebstoff Polyurethan" Artikelnummer="91267087" Zeichnungsnummer="91267087" Menge="0.004" Gewicht="0.00" rohgewicht="0.00" fertiglaenge="0.00" fertigbreite="0.00" fertighoehe="0.00" preisvk="0.00" stlvar="0" aplvar="0"><Material Gewicht="0.00"></Material>
</position>
</position>
<position level="4" name="Profil Al elox vo ob/un" Artikelnummer="91325652" Zeichnungsnummer="91325652" Menge="1" Gewicht="0.26" rohgewicht="0.00" fertiglaenge="0.00" fertigbreite="0.00" fertighoehe="0.00" preisvk="0.00" stlvar="0" aplvar="0"><Material Gewicht="0.26"></Material>
</position>
<position level="4" name="Profil Al elox hi ob/un" Artikelnummer="91325654" Zeichnungsnummer="91325654" Menge="1" Gewicht="0.33" rohgewicht="0.00" fertiglaenge="0.00" fertigbreite="0.00" fertighoehe="0.00" preisvk="0.00" stlvar="0" aplvar="0"><Material Gewicht="0.33"></Material>
</position>
<position level="4" name="Profil Al elox seitl." Artikelnummer="91325653" Zeichnungsnummer="91325653" Menge="2" Gewicht="1.12" rohgewicht="0.00" fertiglaenge="0.00" fertigbreite="0.00" fertighoehe="0.00" preisvk="0.00" stlvar="0" aplvar="0"><Material Gewicht="1.12"></Material>
</position>
<position level="4" name="Eckverbinder Al 50/50/40/5" Artikelnummer="91340290" Zeichnungsnummer="91340290" Menge="4" Gewicht="0.16" rohgewicht="0.00" fertiglaenge="0.00" fertigbreite="0.00" fertighoehe="0.00" preisvk="0.00" stlvar="0" aplvar="0"><Material Gewicht="0.16"></Material>
</position>
<position level="4" name="Schraube DIN 965 Senkk A2 M4/M10" Artikelnummer="91264719" Zeichnungsnummer="91264719" Menge="8" Gewicht="0.00" rohgewicht="0.00" fertiglaenge="0.00" fertigbreite="0.00" fertighoehe="0.00" preisvk="0.00" stlvar="0" aplvar="0"><Material Gewicht="0.00"></Material>
</position>
<position level="4" name="Kleb-u.Dichtstoff MS Polymer" Artikelnummer="4002982" Zeichnungsnummer="4002982" Menge="0.052" Gewicht="0.00" rohgewicht="0.00" fertiglaenge="0.00" fertigbreite="0.00" fertighoehe="0.00" preisvk="0.00" stlvar="0" aplvar="0"><Material Gewicht="0.00"></Material>
</position>
<position level="4" name="Klebstoff Methylmethacrylat Komp. A" Artikelnummer="91264484" Zeichnungsnummer="91264484" Menge="0.006" Gewicht="0.00" rohgewicht="0.00" fertiglaenge="0.00" fertigbreite="0.00" fertighoehe="0.00" preisvk="0.00" stlvar="0" aplvar="0"><Material Gewicht="0.00"></Material>
</position>
<position level="4" name="Acrylat Aktivator Komp. B" Artikelnummer="91264485" Zeichnungsnummer="91264485" Menge="0.004" Gewicht="0.00" rohgewicht="0.00" fertiglaenge="0.00" fertigbreite="0.00" fertighoehe="0.00" preisvk="0.00" stlvar="0" aplvar="0"><Material Gewicht="0.00"></Material>
</position>
</position>
<position level="3" name="Profil Al elox vo li" Artikelnummer="91330621" Zeichnungsnummer="91330621" Menge="1" Gewicht="1.72" rohgewicht="0.00" fertiglaenge="0.00" fertigbreite="0.00" fertighoehe="0.00" preisvk="0.00" stlvar="0" aplvar="0"><Material Gewicht="1.72"></Material>
</position>
<position level="3" name="Profil Al elox vo re" Artikelnummer="91330620" Zeichnungsnummer="91330620" Menge="1" Gewicht="1.75" rohgewicht="0.00" fertiglaenge="0.00" fertigbreite="0.00" fertighoehe="0.00" preisvk="0.00" stlvar="0" aplvar="0"><Material Gewicht="1.75"></Material>
</position>
<position level="3" name="Profil Al elox hi" Artikelnummer="91330090" Zeichnungsnummer="91330090" Menge="2" Gewicht="5.20" rohgewicht="0.00" fertiglaenge="0.00" fertigbreite="0.00" fertighoehe="0.00" preisvk="0.00" stlvar="0" aplvar="0"><Material Gewicht="5.20"></Material>
</position>
<position level="3" name="Isolation hinten un kpl" Artikelnummer="91322271" Zeichnungsnummer="0090020000067" Menge="1" Gewicht="0.33" rohgewicht="0.00" fertiglaenge="0.00" fertigbreite="0.00" fertighoehe="0.00" preisvk="0.00" stlvar="-1" aplvar="0"><Arbeitsgang Pos="010" Arbg="186" Te="6.00" Tr="2.00"></Arbeitsgang>
<position level="4" name="Platte Al besch. Himmelblau" Artikelnummer="91322272" Zeichnungsnummer="0090021000075" Menge="1" Gewicht="0.27" rohgewicht="0.00" fertiglaenge="0.00" fertigbreite="0.00" fertighoehe="0.00" preisvk="0.00" stlvar="-1" aplvar="0"><Arbeitsgang Pos="010" Arbg="50" Te="0.70" Tr="3.00"></Arbeitsgang>
<Material Gewicht="0.27"><position level="5" name="Material-ERP" MaterialERP="91281162-02" Menge="0.035" MengenEinheit="kg"></position>
</Material>
</position>
<position level="4" name="Isolation PIR 24" Artikelnummer="91324141" Zeichnungsnummer="0090010000013" Menge="1" Gewicht="0.06" rohgewicht="0.00" fertiglaenge="0.00" fertigbreite="0.00" fertighoehe="0.00" preisvk="0.00" stlvar="-1" aplvar="0"><Arbeitsgang Pos="010" Arbg="861" Te="1.10" Tr="2.00"></Arbeitsgang>
<Material Gewicht="0.06"><position level="5" name="Material-ERP" MaterialERP="91329972" Menge="0.083" MengenEinheit="qm"></position>
</Material>
</position>
<position level="4" name="8ml Klebstoff Polyurethan" Artikelnummer="91265030" Zeichnungsnummer="91265030" Menge="0.008" Gewicht="0.00" rohgewicht="0.00" fertiglaenge="0.00" fertigbreite="0.00" fertighoehe="0.00" preisvk="0.00" stlvar="0" aplvar="0"><Material Gewicht="0.00"></Material>
</position>
<position level="4" name="2ml Verdünner für Klebstoff Polyurethan" Artikelnummer="91267087" Zeichnungsnummer="91267087" Menge="0.002" Gewicht="0.00" rohgewicht="0.00" fertiglaenge="0.00" fertigbreite="0.00" fertighoehe="0.00" preisvk="0.00" stlvar="0" aplvar="0"><Material Gewicht="0.00"></Material>
</position>
</position>
<position level="3" name="Isolation hinten ob kpl" Artikelnummer="91322271" Zeichnungsnummer="0090020000068" Menge="1" Gewicht="0.96" rohgewicht="0.00" fertiglaenge="0.00" fertigbreite="0.00" fertighoehe="0.00" preisvk="0.00" stlvar="-1" aplvar="0"><Arbeitsgang Pos="010" Arbg="186" Te="7.00" Tr="2.00"></Arbeitsgang>
<position level="4" name="Platte Al besch. Himmelblau" Artikelnummer="91322272" Zeichnungsnummer="0090021000076" Menge="1" Gewicht="0.77" rohgewicht="0.00" fertiglaenge="0.00" fertigbreite="0.00" fertighoehe="0.00" preisvk="0.00" stlvar="-1" aplvar="0"><Arbeitsgang Pos="010" Arbg="50" Te="0.70" Tr="3.00"></Arbeitsgang>
<Material Gewicht="0.77"><position level="5" name="Material-ERP" MaterialERP="91281162-02" Menge="0.101" MengenEinheit="kg"></position>
</Material>
</position>
<position level="4" name="Isolation PIR 24" Artikelnummer="91324141" Zeichnungsnummer="0090010000014" Menge="1" Gewicht="0.19" rohgewicht="0.00" fertiglaenge="0.00" fertigbreite="0.00" fertighoehe="0.00" preisvk="0.00" stlvar="-1" aplvar="0"><Arbeitsgang Pos="010" Arbg="861" Te="1.20" Tr="2.00"></Arbeitsgang>
<Material Gewicht="0.19"><position level="5" name="Material-ERP" MaterialERP="91329972" Menge="0.264" MengenEinheit="qm"></position>
</Material>
</position>
<position level="4" name="23ml Klebstoff Polyurethan" Artikelnummer="91265030" Zeichnungsnummer="91265030" Menge="0.023" Gewicht="0.00" rohgewicht="0.00" fertiglaenge="0.00" fertigbreite="0.00" fertighoehe="0.00" preisvk="0.00" stlvar="0" aplvar="0"><Material Gewicht="0.00"></Material>
</position>
<position level="4" name="5ml Verdünner für Klebstoff Polyurethan" Artikelnummer="91267087" Zeichnungsnummer="91267087" Menge="0.005" Gewicht="0.00" rohgewicht="0.00" fertiglaenge="0.00" fertigbreite="0.00" fertighoehe="0.00" preisvk="0.00" stlvar="0" aplvar="0"><Material Gewicht="0.00"></Material>
</position>
</position>
<position level="3" name="Isolation seitl kpl" Artikelnummer="91322273" Zeichnungsnummer="0090020000069" Menge="2" Gewicht="12.28" rohgewicht="0.00" fertiglaenge="0.00" fertigbreite="0.00" fertighoehe="0.00" preisvk="0.00" stlvar="-1" aplvar="0"><Arbeitsgang Pos="010" Arbg="186" Te="7.00" Tr="2.00"></Arbeitsgang>
<position level="4" name="Platte Al besch. Himmelblau" Artikelnummer="91322272" Zeichnungsnummer="0090021000077" Menge="1" Gewicht="4.88" rohgewicht="0.00" fertiglaenge="0.00" fertigbreite="0.00" fertighoehe="0.00" preisvk="0.00" stlvar="-1" aplvar="0"><Arbeitsgang Pos="010" Arbg="50" Te="1.00" Tr="3.00"></Arbeitsgang>
<Material Gewicht="4.88"><position level="5" name="Material-ERP" MaterialERP="91281162-02" Menge="0.320" MengenEinheit="kg"></position>
</Material>
</position>
<position level="4" name="Isolation PIR 24" Artikelnummer="91323930" Zeichnungsnummer="0090010000015" Menge="1" Gewicht="1.26" rohgewicht="0.00" fertiglaenge="0.00" fertigbreite="0.00" fertighoehe="0.00" preisvk="0.00" stlvar="-1" aplvar="0"><Arbeitsgang Pos="010" Arbg="861" Te="1.40" Tr="2.00"></Arbeitsgang>
<Material Gewicht="1.26"><position level="5" name="Material-ERP" MaterialERP="91323923" Menge="0.889" MengenEinheit="qm"></position>
</Material>
</position>
<position level="4" name="74ml Klebstoff Polyurethan" Artikelnummer="91265030" Zeichnungsnummer="91265030" Menge="0.074" Gewicht="0.00" rohgewicht="0.00" fertiglaenge="0.00" fertigbreite="0.00" fertighoehe="0.00" preisvk="0.00" stlvar="0" aplvar="0"><Material Gewicht="0.00"></Material>
</position>
<position level="4" name="15ml Verdünner für Klebstoff Polyurethan" Artikelnummer="91267087" Zeichnungsnummer="91267087" Menge="0.015" Gewicht="0.00" rohgewicht="0.00" fertiglaenge="0.00" fertigbreite="0.00" fertighoehe="0.00" preisvk="0.00" stlvar="0" aplvar="0"><Material Gewicht="0.00"></Material>
</position>
</position>
<position level="3" name="Schraube DIN 965 Senkk A2 M4/M10" Artikelnummer="91264719" Zeichnungsnummer="91264719" Menge="8" Gewicht="0.00" rohgewicht="0.00" fertiglaenge="0.00" fertigbreite="0.00" fertighoehe="0.00" preisvk="0.00" stlvar="0" aplvar="0"><Material Gewicht="0.00"></Material>
</position>
<position level="3" name="Kleb-u.Dichtstoff MS Polymer" Artikelnummer="4002982" Zeichnungsnummer="4002982" Menge="0.169" Gewicht="0.00" rohgewicht="0.00" fertiglaenge="0.00" fertigbreite="0.00" fertighoehe="0.00" preisvk="0.00" stlvar="0" aplvar="0"><Material Gewicht="0.00"></Material>
</position>
<position level="3" name="Klebstoff Methylmethacrylat Komp. A" Artikelnummer="91264484" Zeichnungsnummer="91264484" Menge="0.033" Gewicht="0.00" rohgewicht="0.00" fertiglaenge="0.00" fertigbreite="0.00" fertighoehe="0.00" preisvk="0.00" stlvar="0" aplvar="0"><Material Gewicht="0.00"></Material>
</position>
<position level="3" name="Acrylat Aktivator Komp. B" Artikelnummer="91264485" Zeichnungsnummer="91264485" Menge="0.022" Gewicht="0.00" rohgewicht="0.00" fertiglaenge="0.00" fertigbreite="0.00" fertighoehe="0.00" preisvk="0.00" stlvar="0" aplvar="0"><Material Gewicht="0.00"></Material>
</position>
</position>
<position level="2" name="Innengehäuse kpl" Artikelnummer="91323914" Zeichnungsnummer="0090023000019" Menge="1" Gewicht="18.83" rohgewicht="0.00" fertiglaenge="0.00" fertigbreite="0.00" fertighoehe="0.00" preisvk="0.00" stlvar="-1" aplvar="0"><Arbeitsgang Pos="010" Arbg="186" Te="110.00" Tr="10.00"></Arbeitsgang>
<position level="4" name="Mantelblech Edelst" Artikelnummer="91322254" Zeichnungsnummer="0090022000007" Menge="1" Gewicht="5.06" rohgewicht="0.00" fertiglaenge="0.00" fertigbreite="0.00" fertighoehe="0.00" preisvk="0.00" stlvar="-1" aplvar="1"><Arbeitsgang Pos="010" Arbg="113" Te="1.98" Tr="3.80"></Arbeitsgang><Arbeitsgang Pos="020" Arbg="70" Te="5.60" Tr="20.00"></Arbeitsgang><Arbeitsgang Pos="030" Arbg="72" Te="5.60" Tr="0.00"></Arbeitsgang>
<Material Gewicht="5.06"><position level="5" name="Material-ERP" MaterialERP="1290080" Menge="1" MengenEinheit="kg"></position>
</Material>
</position>
<position level="4" name="Sickenblech Edelst T75 li" Artikelnummer="91324017" Zeichnungsnummer="0090024000007" Menge="1" Gewicht="5.69" rohgewicht="0.00" fertiglaenge="0.00" fertigbreite="0.00" fertighoehe="0.00" preisvk="0.00" stlvar="-1" aplvar="0"><Arbeitsgang Pos="010" Arbg="117" Te="3.11" Tr="2.80"></Arbeitsgang><Arbeitsgang Pos="020" Arbg="70" Te="2.00" Tr="10.00"></Arbeitsgang>
<Material Gewicht="5.69"><position level="5" name="Material-ERP" MaterialERP="91279503" Menge="1" MengenEinheit="Stk"></position>
</Material>
</position>
<position level="4" name="Sickenblech Edelst T75 re" Artikelnummer="91324018" Zeichnungsnummer="0090024000008" Menge="1" Gewicht="5.69" rohgewicht="0.00" fertiglaenge="0.00" fertigbreite="0.00" fertighoehe="0.00" preisvk="0.00" stlvar="-1" aplvar="0"><Arbeitsgang Pos="010" Arbg="117" Te="3.11" Tr="2.80"></Arbeitsgang><Arbeitsgang Pos="020" Arbg="70" Te="2.00" Tr="10.00"></Arbeitsgang>
<Material Gewicht="5.69"><position level="5" name="Material-ERP" MaterialERP="91279503" Menge="1" MengenEinheit="Stk"></position>
</Material>
</position>
<position level="4" name="Dichtungsrahmen Silikon 1276/358/23 gr" Artikelnummer="91340220" Zeichnungsnummer="91340220" Menge="1" Gewicht="0.34" rohgewicht="0.00" fertiglaenge="0.00" fertigbreite="0.00" fertighoehe="0.00" preisvk="0.00" stlvar="0" aplvar="0"><Material Gewicht="0.34"></Material>
</position>
<position level="4" name="Isolation PIR re li" Artikelnummer="91322252" Zeichnungsnummer="0090026000016" Menge="2" Gewicht="0.52" rohgewicht="0.00" fertiglaenge="0.00" fertigbreite="0.00" fertighoehe="0.00" preisvk="0.00" stlvar="-1" aplvar="0"><Arbeitsgang Pos="010" Arbg="861" Te="0.95" Tr="2.00"></Arbeitsgang>
<Material Gewicht="0.52"><position level="5" name="Material-ERP" MaterialERP="91261415" Menge="0.863" MengenEinheit="qm"></position>
</Material>
</position>
<position level="4" name="Isolation PIR ob un" Artikelnummer="91322252" Zeichnungsnummer="0090026000012" Menge="2" Gewicht="0.14" rohgewicht="0.00" fertiglaenge="0.00" fertigbreite="0.00" fertighoehe="0.00" preisvk="0.00" stlvar="-1" aplvar="0"><Arbeitsgang Pos="010" Arbg="861" Te="0.75" Tr="2.00"></Arbeitsgang>
<Material Gewicht="0.14"><position level="5" name="Material-ERP" MaterialERP="91261415" Menge="0.244" MengenEinheit="qm"></position>
</Material>
</position>
<position level="4" name="Isolation PIR hinten un" Artikelnummer="91322252" Zeichnungsnummer="0090026000017" Menge="1" Gewicht="0.03" rohgewicht="0.00" fertiglaenge="0.00" fertigbreite="0.00" fertighoehe="0.00" preisvk="0.00" stlvar="-1" aplvar="0"><Arbeitsgang Pos="010" Arbg="861" Te="0.65" Tr="2.00"></Arbeitsgang>
<Material Gewicht="0.03"><position level="5" name="Material-ERP" MaterialERP="91261415" Menge="0.092" MengenEinheit="qm"></position>
</Material>
</position>
<position level="4" name="Isolation PIR hinten ob" Artikelnummer="91322252" Zeichnungsnummer="0090026000018" Menge="1" Gewicht="0.08" rohgewicht="0.00" fertiglaenge="0.00" fertigbreite="0.00" fertighoehe="0.00" preisvk="0.00" stlvar="-1" aplvar="0"><Arbeitsgang Pos="010" Arbg="861" Te="0.75" Tr="2.00"></Arbeitsgang>
<Material Gewicht="0.08"><position level="5" name="Material-ERP" MaterialERP="91261415" Menge="0.278" MengenEinheit="qm"></position>
</Material>
</position>
<position level="4" name="Leitprofil Kpl" Artikelnummer="91331224" Zeichnungsnummer="00900480" Menge="1" Gewicht="1.28" rohgewicht="0.00" fertiglaenge="0.00" fertigbreite="0.00" fertighoehe="0.00" preisvk="0.00" stlvar="0" aplvar="0"><Material Gewicht="1.28"></Material>
</position>
<position level="4" name="Kleb-u.Dichtstoff MS Polymer" Artikelnummer="4002982" Zeichnungsnummer="4002982" Menge="0.276" Gewicht="0.00" rohgewicht="0.00" fertiglaenge="0.00" fertigbreite="0.00" fertighoehe="0.00" preisvk="0.00" stlvar="0" aplvar="0"><Material Gewicht="0.00"></Material>
</position>
</position>
<position level="2" name="Magnethalteplatte Edelst ø40/1" Artikelnummer="91336785" Zeichnungsnummer="91336785" Menge="1" Gewicht="0.01" rohgewicht="0.00" fertiglaenge="0.00" fertigbreite="0.00" fertighoehe="0.00" preisvk="0.00" stlvar="0" aplvar="0"><Material Gewicht="0.01"></Material>
</position>
<position level="2" name="Leiste PE500 324/48/43 ob/un" Artikelnummer="91315962" Zeichnungsnummer="91315962" Menge="1" Gewicht="0.46" rohgewicht="0.00" fertiglaenge="0.00" fertigbreite="0.00" fertighoehe="0.00" preisvk="0.00" stlvar="0" aplvar="0"><Material Gewicht="0.46"></Material>
</position>
<position level="2" name="Leiste PE500 324/48/43/ ob" Artikelnummer="91328609" Zeichnungsnummer="91328609" Menge="1" Gewicht="0.49" rohgewicht="0.00" fertiglaenge="0.00" fertigbreite="0.00" fertighoehe="0.00" preisvk="0.00" stlvar="0" aplvar="0"><Material Gewicht="0.49"></Material>
</position>
<position level="2" name="Leiste PE500 264/43/28 li/re" Artikelnummer="91275125" Zeichnungsnummer="91275125" Menge="2" Gewicht="0.32" rohgewicht="0.00" fertiglaenge="0.00" fertigbreite="0.00" fertighoehe="0.00" preisvk="0.00" stlvar="0" aplvar="0"><Material Gewicht="0.32"></Material>
</position>
<position level="2" name="Halteblech Edelst 260/28/22" Artikelnummer="91310539" Zeichnungsnummer="91310539" Menge="1" Gewicht="0.03" rohgewicht="0.00" fertiglaenge="0.00" fertigbreite="0.00" fertighoehe="0.00" preisvk="0.00" stlvar="0" aplvar="0"><Material Gewicht="0.03"></Material>
</position>
<position level="2" name="Halteblech Edelst 255/28/22 ob" Artikelnummer="91328610" Zeichnungsnummer="91328610" Menge="1" Gewicht="0.03" rohgewicht="0.00" fertiglaenge="0.00" fertigbreite="0.00" fertighoehe="0.00" preisvk="0.00" stlvar="0" aplvar="0"><Material Gewicht="0.03"></Material>
</position>
<position level="2" name="Magnet Neodym 25/10/10" Artikelnummer="91236510" Zeichnungsnummer="91236510" Menge="5" Gewicht="0.10" rohgewicht="0.00" fertiglaenge="0.00" fertigbreite="0.00" fertighoehe="0.00" preisvk="0.00" stlvar="0" aplvar="0"><Material Gewicht="0.10"></Material>
</position>
<position level="2" name="Stopfen Rund ABS ø10,5/11 sw" Artikelnummer="4026004" Zeichnungsnummer="4026004" Menge="4" Gewicht="0.00" rohgewicht="0.00" fertiglaenge="0.00" fertigbreite="0.00" fertighoehe="0.00" preisvk="0.00" stlvar="0" aplvar="0"><Material Gewicht="0.00"></Material>
</position>
<position level="2" name="Stopfen Rund PP ø16/11 sw" Artikelnummer="4065340" Zeichnungsnummer="4065340" Menge="2" Gewicht="0.00" rohgewicht="0.00" fertiglaenge="0.00" fertigbreite="0.00" fertighoehe="0.00" preisvk="0.00" stlvar="0" aplvar="0"><Material Gewicht="0.00"></Material>
</position>
<position level="2" name="Drahthaken ø37/42/20 kpl" Artikelnummer="91333248" Zeichnungsnummer="91333248" Menge="1" Gewicht="0.03" rohgewicht="0.00" fertiglaenge="0.00" fertigbreite="0.00" fertighoehe="0.00" preisvk="0.00" stlvar="0" aplvar="0"><Material Gewicht="0.03"></Material>
</position>
<position level="2" name="Spax Schraube Senkk A2 ø4/20" Artikelnummer="4003222" Zeichnungsnummer="4003222" Menge="4" Gewicht="0.00" rohgewicht="0.00" fertiglaenge="0.00" fertigbreite="0.00" fertighoehe="0.00" preisvk="0.00" stlvar="0" aplvar="0"><Material Gewicht="0.00"></Material>
</position>
<position level="2" name="Spax Schraube PAN-Head A2 ø4/16" Artikelnummer="91046770" Zeichnungsnummer="91046770" Menge="6" Gewicht="0.00" rohgewicht="0.00" fertiglaenge="0.00" fertigbreite="0.00" fertighoehe="0.00" preisvk="0.00" stlvar="0" aplvar="0"><Material Gewicht="0.00"></Material>
</position>
<position level="2" name="Kleb-u.Dichtstoff MS Polymer" Artikelnummer="4002982" Zeichnungsnummer="4002982" Menge="1.462" Gewicht="0.00" rohgewicht="0.00" fertiglaenge="0.00" fertigbreite="0.00" fertighoehe="0.00" preisvk="0.00" stlvar="0" aplvar="0"><Material Gewicht="0.00"></Material>
</position>
</position>
<position level="1" name="Tür links kpl" Artikelnummer="91322303" Zeichnungsnummer="0090032000182" Menge="1" Gewicht="8.42" rohgewicht="0.00" fertiglaenge="0.00" fertigbreite="0.00" fertighoehe="0.00" preisvk="0.00" stlvar="-1" aplvar="0"><Arbeitsgang Pos="010" Arbg="186" Te="7.00" Tr="8.00"></Arbeitsgang>
<Arbeitsgang Pos="020" Arbg="186" Te="35.00" Tr="5.00"></Arbeitsgang>
<position level="2" name="Türrahmen kpl" Artikelnummer="91323327" Zeichnungsnummer="0090033000029" Menge="1" Gewicht="4.59" rohgewicht="0.00" fertiglaenge="0.00" fertigbreite="0.00" fertighoehe="0.00" preisvk="0.00" stlvar="-1" aplvar="0"><Arbeitsgang Pos="010" Arbg="186" Te="14.00" Tr="5.00"></Arbeitsgang>
<position level="3" name="Profil Tür Al li/re elox" Artikelnummer="91330981" Zeichnungsnummer="91330981" Menge="2" Gewicht="1.26" rohgewicht="0.00" fertiglaenge="0.00" fertigbreite="0.00" fertighoehe="0.00" preisvk="0.00" stlvar="0" aplvar="0"><Material Gewicht="1.26"></Material>
</position>
<position level="3" name="Profil Tür Al ob/un elox" Artikelnummer="91330185" Zeichnungsnummer="91330185" Menge="2" Gewicht="0.34" rohgewicht="0.00" fertiglaenge="0.00" fertigbreite="0.00" fertighoehe="0.00" preisvk="0.00" stlvar="0" aplvar="0"><Material Gewicht="0.34"></Material>
</position>
<position level="3" name="Winkel Al 50/50/5/11" Artikelnummer="91261282" Zeichnungsnummer="91261282" Menge="4" Gewicht="0.04" rohgewicht="0.00" fertiglaenge="0.00" fertigbreite="0.00" fertighoehe="0.00" preisvk="0.00" stlvar="0" aplvar="0"><Material Gewicht="0.04"></Material>
</position>
<position level="3" name="Isolation Tür kpl" Artikelnummer="91322261" Zeichnungsnummer="0090035000023" Menge="1" Gewicht="2.95" rohgewicht="0.00" fertiglaenge="0.00" fertigbreite="0.00" fertighoehe="0.00" preisvk="0.00" stlvar="-1" aplvar="0"><Arbeitsgang Pos="010" Arbg="186" Te="7.00" Tr="2.00"></Arbeitsgang>
<position level="4" name="Platte Al besch. Himmelblau" Artikelnummer="91322272" Zeichnungsnummer="0090021000078" Menge="1" Gewicht="1.31" rohgewicht="0.00" fertiglaenge="0.00" fertigbreite="0.00" fertighoehe="0.00" preisvk="0.00" stlvar="-1" aplvar="0"><Arbeitsgang Pos="010" Arbg="50" Te="0.80" Tr="3.00"></Arbeitsgang>
<Material Gewicht="1.31"><position level="5" name="Material-ERP" MaterialERP="91281162-02" Menge="0.171" MengenEinheit="kg"></position>
</Material>
</position>
<position level="4" name="Isolation PIR Tür" Artikelnummer="91324005" Zeichnungsnummer="0090036000004" Menge="1" Gewicht="0.33" rohgewicht="0.00" fertiglaenge="0.00" fertigbreite="0.00" fertighoehe="0.00" preisvk="0.00" stlvar="-1" aplvar="0"><Arbeitsgang Pos="010" Arbg="861" Te="1.20" Tr="2.00"></Arbeitsgang>
<Material Gewicht="0.33"><position level="5" name="Material-ERP" MaterialERP="91324006" Menge="0.476" MengenEinheit="qm"></position>
</Material>
</position>
<position level="4" name="Platte Al roh" Artikelnummer="91322333" Zeichnungsnummer="0090009000006" Menge="1" Gewicht="1.31" rohgewicht="0.00" fertiglaenge="0.00" fertigbreite="0.00" fertighoehe="0.00" preisvk="0.00" stlvar="-1" aplvar="0"><Arbeitsgang Pos="010" Arbg="50" Te="0.80" Tr="3.00"></Arbeitsgang>
<Material Gewicht="1.31"><position level="5" name="Material-ERP" MaterialERP="1510100" Menge="1.451" MengenEinheit="kg"></position>
</Material>
</position>
<position level="4" name="40ml Klebstoff Polyurethan" Artikelnummer="91265030" Zeichnungsnummer="91265030" Menge="0.040" Gewicht="0.00" rohgewicht="0.00" fertiglaenge="0.00" fertigbreite="0.00" fertighoehe="0.00" preisvk="0.00" stlvar="0" aplvar="0"><Material Gewicht="0.00"></Material>
</position>
<position level="4" name="8ml Verdünner für Klebstoff Polyurethan" Artikelnummer="91267087" Zeichnungsnummer="91267087" Menge="0.008" Gewicht="0.00" rohgewicht="0.00" fertiglaenge="0.00" fertigbreite="0.00" fertighoehe="0.00" preisvk="0.00" stlvar="0" aplvar="0"><Material Gewicht="0.00"></Material>
</position>
</position>
<position level="3" name="Schraube DIN 965 Senkk A2 M4/M10" Artikelnummer="91264719" Zeichnungsnummer="91264719" Menge="8" Gewicht="0.00" rohgewicht="0.00" fertiglaenge="0.00" fertigbreite="0.00" fertighoehe="0.00" preisvk="0.00" stlvar="0" aplvar="0"><Material Gewicht="0.00"></Material>
</position>
<position level="3" name="Kleb-u.Dichtstoff MS Polymer" Artikelnummer="4002982" Zeichnungsnummer="4002982" Menge="0.183" Gewicht="0.00" rohgewicht="0.00" fertiglaenge="0.00" fertigbreite="0.00" fertighoehe="0.00" preisvk="0.00" stlvar="0" aplvar="0"><Material Gewicht="0.00"></Material>
</position>
<position level="3" name="Klebstoff Methylmethacrylat Komp. A" Artikelnummer="91264484" Zeichnungsnummer="91264484" Menge="0.009" Gewicht="0.00" rohgewicht="0.00" fertiglaenge="0.00" fertigbreite="0.00" fertighoehe="0.00" preisvk="0.00" stlvar="0" aplvar="0"><Material Gewicht="0.00"></Material>
</position>
<position level="3" name="Acrylat Aktivator Komp. B" Artikelnummer="91264485" Zeichnungsnummer="91264485" Menge="0.006" Gewicht="0.00" rohgewicht="0.00" fertiglaenge="0.00" fertigbreite="0.00" fertighoehe="0.00" preisvk="0.00" stlvar="0" aplvar="0"><Material Gewicht="0.00"></Material>
</position>
</position>
<position level="2" name="Türkassette Edelst" Artikelnummer="91331212" Zeichnungsnummer="91331212" Menge="1" Gewicht="2.81" rohgewicht="0.00" fertiglaenge="0.00" fertigbreite="0.00" fertighoehe="0.00" preisvk="0.00" stlvar="0" aplvar="0"><Material Gewicht="2.81"></Material>
</position>
<position level="2" name="Griffanschluss HU 140/73/48 kpl" Artikelnummer="91334570" Zeichnungsnummer="91334570" Menge="1" Gewicht="0.18" rohgewicht="0.00" fertiglaenge="0.00" fertigbreite="0.00" fertighoehe="0.00" preisvk="0.00" stlvar="0" aplvar="0"><Material Gewicht="0.18"></Material>
</position>
<position level="2" name="Schließelement m Magnet 182/35/28 kpl" Artikelnummer="91334395" Zeichnungsnummer="91334395" Menge="1" Gewicht="0.14" rohgewicht="0.00" fertiglaenge="0.00" fertigbreite="0.00" fertighoehe="0.00" preisvk="0.00" stlvar="0" aplvar="0"><Material Gewicht="0.14"></Material>
</position>
<position level="2" name="Isolation PIR Türkassette" Artikelnummer="91322252" Zeichnungsnummer="0090026000019" Menge="1" Gewicht="0.12" rohgewicht="0.00" fertiglaenge="0.00" fertigbreite="0.00" fertighoehe="0.00" preisvk="0.00" stlvar="-1" aplvar="0"><Arbeitsgang Pos="010" Arbg="861" Te="0.75" Tr="2.00"></Arbeitsgang>
<Material Gewicht="0.12"><position level="3" name="Material-ERP" MaterialERP="91261415" Menge="0.417" MengenEinheit="qm"></position>
</Material>
</position>
<position level="2" name="Scharnier Edelst kpl" Artikelnummer="91323343" Zeichnungsnummer="91323343" Menge="2" Gewicht="0.36" rohgewicht="0.00" fertiglaenge="0.00" fertigbreite="0.00" fertighoehe="0.00" preisvk="0.00" stlvar="0" aplvar="0"><Material Gewicht="0.36"></Material>
</position>
<position level="2" name="Schraube Linsen-Flanschk A2 M5/10 KL" Artikelnummer="91174157" Zeichnungsnummer="91174157" Menge="4" Gewicht="0.00" rohgewicht="0.00" fertiglaenge="0.00" fertigbreite="0.00" fertighoehe="0.00" preisvk="0.00" stlvar="0" aplvar="0"><Material Gewicht="0.00"></Material>
</position>
<position level="2" name="Dichtungsrahmen PVC Tür" Artikelnummer="91331211" Zeichnungsnummer="91331211" Menge="1" Gewicht="0.16" rohgewicht="0.00" fertiglaenge="0.00" fertigbreite="0.00" fertighoehe="0.00" preisvk="0.00" stlvar="0" aplvar="0"><Material Gewicht="0.16"></Material>
</position>
<position level="2" name="Gleitlager Polymer Ø10/Ø8/22" Artikelnummer="91337981" Zeichnungsnummer="91337981" Menge="2" Gewicht="0.02" rohgewicht="0.00" fertiglaenge="0.00" fertigbreite="0.00" fertighoehe="0.00" preisvk="0.00" stlvar="0" aplvar="0"><Material Gewicht="0.02"></Material>
</position>
<position level="2" name="Scheibe DIN 9021 PA B8,4" Artikelnummer="91323026" Zeichnungsnummer="91323026" Menge="4" Gewicht="0.04" rohgewicht="0.00" fertiglaenge="0.00" fertigbreite="0.00" fertighoehe="0.00" preisvk="0.00" stlvar="0" aplvar="0"><Material Gewicht="0.04"></Material>
</position>
<position level="2" name="Kleb-u.Dichtstoff MS Polymer" Artikelnummer="4002982" Zeichnungsnummer="4002982" Menge="0.172" Gewicht="0.00" rohgewicht="0.00" fertiglaenge="0.00" fertigbreite="0.00" fertighoehe="0.00" preisvk="0.00" stlvar="0" aplvar="0"><Material Gewicht="0.00"></Material>
</position>
<position level="2" name="40ml Klebstoff Polyurethan" Artikelnummer="91265030" Zeichnungsnummer="91265030" Menge="0.040" Gewicht="0.00" rohgewicht="0.00" fertiglaenge="0.00" fertigbreite="0.00" fertighoehe="0.00" preisvk="0.00" stlvar="0" aplvar="0"><Material Gewicht="0.00"></Material>
</position>
<position level="2" name="8ml Verdünner für Klebstoff Polyurethan" Artikelnummer="91267087" Zeichnungsnummer="91267087" Menge="0.008" Gewicht="0.00" rohgewicht="0.00" fertiglaenge="0.00" fertigbreite="0.00" fertighoehe="0.00" preisvk="0.00" stlvar="0" aplvar="0"><Material Gewicht="0.00"></Material>
</position>
</position>
<position level="1" name="Verschlusskloben kpl" Artikelnummer="91324468" Zeichnungsnummer="91324468" Menge="1" Gewicht="0.05" rohgewicht="0.00" fertiglaenge="0.00" fertigbreite="0.00" fertighoehe="0.00" preisvk="0.00" stlvar="0" aplvar="0"><Material Gewicht="0.05"></Material>
</position>
<position level="1" name="Stoßecke 179/179/30 sw kpl" Artikelnummer="4002110" Zeichnungsnummer="4002110" Menge="4" Gewicht="0.52" rohgewicht="0.00" fertiglaenge="0.00" fertigbreite="0.00" fertighoehe="0.00" preisvk="0.00" stlvar="0" aplvar="0"><Material Gewicht="0.52"></Material>
</position>
<position level="1" name="Lenkrolle Polymer P3/125 m.F." Artikelnummer="4000402" Zeichnungsnummer="4000402" Menge="2" Gewicht="1.34" rohgewicht="0.00" fertiglaenge="0.00" fertigbreite="0.00" fertighoehe="0.00" preisvk="0.00" stlvar="0" aplvar="0"><Material Gewicht="1.34"></Material>
</position>
<position level="1" name="Bockrolle Polymer P3/125" Artikelnummer="4000400" Zeichnungsnummer="4000400" Menge="2" Gewicht="1.36" rohgewicht="0.00" fertiglaenge="0.00" fertigbreite="0.00" fertighoehe="0.00" preisvk="0.00" stlvar="0" aplvar="0"><Material Gewicht="1.36"></Material>
</position>
<position level="1" name="Drahtverbinder 1V gr Ø62/1343 kpl" Artikelnummer="91340258" Zeichnungsnummer="91340258" Menge="4" Gewicht="2.44" rohgewicht="0.00" fertiglaenge="0.00" fertigbreite="0.00" fertighoehe="0.00" preisvk="0.00" stlvar="0" aplvar="0"><Material Gewicht="2.44"></Material>
</position>
<position level="1" name="Schraubverstärkung kpl" Artikelnummer="91291717" Zeichnungsnummer="91291717" Menge="8" Gewicht="0.24" rohgewicht="0.00" fertiglaenge="0.00" fertigbreite="0.00" fertighoehe="0.00" preisvk="0.00" stlvar="0" aplvar="0"><Material Gewicht="0.24"></Material>
</position>
<position level="1" name="Schraube DIN 933 Skt A2 M8/25" Artikelnummer="91011766" Zeichnungsnummer="91011766" Menge="16" Gewicht="0.00" rohgewicht="0.00" fertiglaenge="0.00" fertigbreite="0.00" fertighoehe="0.00" preisvk="0.00" stlvar="0" aplvar="0"><Material Gewicht="0.00"></Material>
</position>
<position level="1" name="Scheibe DIN 125 A2 B8,4" Artikelnummer="91000370" Zeichnungsnummer="91000370" Menge="16" Gewicht="0.00" rohgewicht="0.00" fertiglaenge="0.00" fertigbreite="0.00" fertighoehe="0.00" preisvk="0.00" stlvar="0" aplvar="0"><Material Gewicht="0.00"></Material>
</position>
<position level="1" name="Federring DIN 127 A2 B8" Artikelnummer="91000828" Zeichnungsnummer="91000828" Menge="16" Gewicht="0.00" rohgewicht="0.00" fertiglaenge="0.00" fertigbreite="0.00" fertighoehe="0.00" preisvk="0.00" stlvar="0" aplvar="0"><Material Gewicht="0.00"></Material>
</position>
<position level="1" name="Wärmemodul 230V/800W D" Artikelnummer="0163554" Zeichnungsnummer="91265214" Menge="1" Gewicht="8.20" rohgewicht="0.00" fertiglaenge="0.00" fertigbreite="0.00" fertighoehe="0.00" preisvk="0.00" stlvar="0" aplvar="0"><Material Gewicht="8.20"></Material>
</position>
<position level="1" name="Etikett 74/90 platin glänzend" Artikelnummer="91174021" Zeichnungsnummer="91174021" Menge="1" Gewicht="0.00" rohgewicht="0.00" fertiglaenge="0.00" fertigbreite="0.00" fertighoehe="0.00" preisvk="0.00" stlvar="0" aplvar="0"><Material Gewicht="0.00"></Material>
</position>
<position level="1" name="Schraube DIN 912 Zyl A2 M8/25" Artikelnummer="91001908" Zeichnungsnummer="91001908" Menge="6" Gewicht="0.00" rohgewicht="0.00" fertiglaenge="0.00" fertigbreite="0.00" fertighoehe="0.00" preisvk="0.00" stlvar="0" aplvar="0"><Material Gewicht="0.00"></Material>
</position>
<position level="1" name="Scheibe" Artikelnummer="91000370" Zeichnungsnummer="91000370" Menge="6" Gewicht="0.00" rohgewicht="0.00" fertiglaenge="0.00" fertigbreite="0.00" fertighoehe="0.00" preisvk="0.00" stlvar="0" aplvar="0"><Material Gewicht="0.00"></Material>
</position>
<position level="1" name="Blindnietmutter Al M5 Flachk." Artikelnummer="91324952" Zeichnungsnummer="91324952" Menge="6" Gewicht="0.00" rohgewicht="0.00" fertiglaenge="0.00" fertigbreite="0.00" fertighoehe="0.00" preisvk="0.00" stlvar="0" aplvar="0"><Material Gewicht="0.00"></Material>
</position>
<position level="1" name="Mutter DIN 985 A2 M6" Artikelnummer="91000406" Zeichnungsnummer="91000406" Menge="4" Gewicht="0.00" rohgewicht="0.00" fertiglaenge="0.00" fertigbreite="0.00" fertighoehe="0.00" preisvk="0.00" stlvar="0" aplvar="0"><Material Gewicht="0.00"></Material>
</position>
<position level="1" name="Scheibe DIN 9021 A2 B6,4" Artikelnummer="91007874" Zeichnungsnummer="91007874" Menge="4" Gewicht="0.00" rohgewicht="0.00" fertiglaenge="0.00" fertigbreite="0.00" fertighoehe="0.00" preisvk="0.00" stlvar="0" aplvar="0"><Material Gewicht="0.00"></Material>
</position>
<position level="1" name="Verpackung" Artikelnummer="1200001" Zeichnungsnummer="1200001" Menge="1" Gewicht="80.00" rohgewicht="0.00" fertiglaenge="0.00" fertigbreite="0.00" fertighoehe="0.00" preisvk="0.00" stlvar="0" aplvar="0"><Material Gewicht="80.00"></Material>
</position>
<position level="1" name="Betriebsanleitung" Artikelnummer="91285373" Zeichnungsnummer="91285373" Menge="1" Gewicht="0.00" rohgewicht="0.00" fertiglaenge="0.00" fertigbreite="0.00" fertighoehe="0.00" preisvk="0.00" stlvar="0" aplvar="0"><Material Gewicht="0.00"></Material>
</position>
<position level="1" name="Aufkleber Doming 77/22/2 HUPFER" Artikelnummer="4190099" Zeichnungsnummer="4190099" Menge="1" Gewicht="0.00" rohgewicht="0.00" fertiglaenge="0.00" fertigbreite="0.00" fertighoehe="0.00" preisvk="0.00" stlvar="0" aplvar="0"><Material Gewicht="0.00"></Material>
</position>

</object>
</envelope>