<?xml version="1.0" encoding="iso-8859-1"?>
<root>
    <server p4name="P4KONART_01" cxname="konfigurator05" cxcall="http:&#047;&#047;&amp;server&amp;:81/customX/index.aspx?param=Load&amp;ProjectNo=" />
    <server p4name="P4KONART_02" cxname="konfigurator05" cxcall="http://&amp;server&amp;:81/Start?Param=LOAD&amp;ProjectNo=" />
    <server p4name="P4KONART_03" cxname="konfigurator05" cxcall="www.godyo.de"/>
    <server p4name="P4KONART_04" cxname="konfigurator05" cxcall="www.godyo.de"/>
    <server p4name="P4KONART_05" cxname="konfigurator05" cxcall="www.godyo.de"/>
    <server p4name="P4KONART_06" cxname="konfigurator05" cxcall="www.godyo.de"/>
    <server p4name="P4KONART_07" cxname="konfigurator05" cxcall="www.godyo.de"/>
    <server p4name="P4KONART_08" cxname="konfigurator05" cxcall="www.godyo.de"/>
    <server p4name="P4KONART_09" cxname="konfigurator05" cxcall="www.godyo.de"/>
    <server p4name="P4KONART_10" cxname="konfigurator05" cxcall="www.godyo.de"/>
    <server cxname="konfigurator05" cxcall="http://&amp;server&amp;:81/Start?Param=LOAD&amp;ProjectNo=" />
</root>
