<?xml version="1.0" encoding="ISO-8859-1"?>
<envelope>
<session-info format="2.0.0" debug="true" />
<object name="Wandbord" ProjektNummer="0815-20" type="AB oder AG" vorgang="angebots oder auftragsnummer" positionsnummer="angebots oder auftragsposition"><text Sprache="DEU" Langtext1="Langtext1" Langtext2="Langtext2"></text><text Sprache="ENG" Langtext1="Langtext1" Langtext2="Langtext2"></text><text Sprache="FRA" Langtext1="Langtext1" Langtext2="Langtext2"></text><text sprache="SPA" Langtext1="Langtext1" Langtext2="Langtext2"></text><text sprache="NED" Langtext1="Langtext1" Langtext2="Langtext2"></text><text sprache="ITA" Langtext1="Langtext1" Langtext2="Langtext2"></text><position level="1" name="Verstellschiene 1200/60/25kpl" Artikelnummer="0163433" Zeichnungsnummer="91220832" Menge="2" Gewicht="1.75"><Material Gewicht="1.75"></Material>
</position>
<position level="1" name="Auflage Edelst 1000/400/40" Artikelnummer="0163429" Zeichnungsnummer="91228529" Menge="1" Gewicht="3.90">
<Material Gewicht="3.90"></Material>
</position>
<position level="1" name="Konsole Edelst 394/144/42" Artikelnummer="0163435" Zeichnungsnummer="91215950" Menge="1" Gewicht="0.59">
<Material Gewicht="0.59"></Material>
</position>
<position level="1" name="Konsole Edelst 394/144/42" Artikelnummer="0163435" Zeichnungsnummer="91215950" Menge="1" Gewicht="0.59">
<Material Gewicht="0.59"></Material>
</position>
<position level="1" name="Auflage Edelst 1000/300/40" Artikelnummer="0163424" Zeichnungsnummer="91228564" Menge="1" Gewicht="3.10">
<Material Gewicht="3.10"></Material>
</position>
<position level="1" name="Konsole Edelst 294/144/42" Artikelnummer="0163434" Zeichnungsnummer="91218703" Menge="1" Gewicht="0.47">
<Material Gewicht="0.47"></Material>
</position>
<position level="1" name="Konsole Edelst 294/144/42" Artikelnummer="0163434" Zeichnungsnummer="91218703" Menge="1" Gewicht="0.47">
<Material Gewicht="0.47"></Material>
</position>
<position level="1" name="Auflage Edelst 1000/300/40" Artikelnummer="0163424" Zeichnungsnummer="91228564" Menge="1" Gewicht="3.10">
<Material Gewicht="3.10"></Material>
</position>
<position level="1" name="Konsole Edelst 294/144/42" Artikelnummer="0163434" Zeichnungsnummer="91218703" Menge="1" Gewicht="0.47">
<Material Gewicht="0.47"></Material>
</position>
<position level="1" name="Konsole Edelst 294/144/42" Artikelnummer="0163434" Zeichnungsnummer="91218703" Menge="1" Gewicht="0.47">
<Material Gewicht="0.47"></Material>
</position>
</object>
</envelope>
